{
    "parent": "item/handheld",
    "textures": {
        "layer0": "item/trident"
    }
,

"overrides": [
	{"predicate": {"damage": 0.9520},               "model": "item/onyx_spear"},
        {"predicate": {"damage": 0.9560},               "model": "item/diamond_spear"},
	{"predicate": {"damage": 0.9600},               "model": "item/mithril_spear"},
        {"predicate": {"damage": 0.9640},               "model": "item/quartz_spear"},
	{"predicate": {"damage": 0.9680},               "model": "item/iron_spear"},
        {"predicate": {"damage": 0.9720},               "model": "item/bronze_spear"},
	{"predicate": {"damage": 0.9760},               "model": "item/prismarine_spear"},
        {"predicate": {"damage": 0.9800},               "model": "item/copper_spear"},
	{"predicate": {"damage": 0.9840},               "model": "item/stone_spear"},
        {"predicate": {"damage": 0.9880},               "model": "item/tin_spear"},
	{"predicate": {"damage": 0.9920},               "model": "item/golden_spear"},
        {"predicate": {"damage": 0.9960},               "model": "item/wooden_spear"}
    ]
}
