{
    "parent": "item/handheld",
    "textures": {
        "layer0": "item/trident"
    },
    "display": {
        "thirdperson_righthand": {
            "rotation": [ 0, -90, 55 ],
            "translation": [ 0, 4.0, 0.5 ],
            "scale": [ 1.3, 1.3, 1.3 ]
        },
        "thirdperson_lefthand": {
            "rotation": [ 0, 90, -55 ],
            "translation": [ 0, 4.0, 0.5 ],
            "scale": [ 1.3, 1.3, 1.3 ]
        }
    },
    "overrides": [
        {"predicate": {"custom_model_data": 625, "throwing": 0},               "model": "item/wooden_spear_in_hand"},
        {"predicate": {"custom_model_data": 626, "throwing": 0},               "model": "item/stone_spear_in_hand"},
        {"predicate": {"custom_model_data": 627, "throwing": 0},               "model": "item/golden_spear_in_hand"},
        {"predicate": {"custom_model_data": 628, "throwing": 0},               "model": "item/tin_spear_in_hand"},
        {"predicate": {"custom_model_data": 629, "throwing": 0},               "model": "item/copper_spear_in_hand"},
        {"predicate": {"custom_model_data": 630, "throwing": 0},               "model": "item/bronze_spear_in_hand"},
        {"predicate": {"custom_model_data": 632, "throwing": 0},               "model": "item/iron_spear_in_hand"},
        {"predicate": {"custom_model_data": 633, "throwing": 0},               "model": "item/prismarine_spear_in_hand"},
        {"predicate": {"custom_model_data": 634, "throwing": 0},               "model": "item/quartz_spear_in_hand"},
        {"predicate": {"custom_model_data": 635, "throwing": 0},               "model": "item/mithril_spear_in_hand"},
        {"predicate": {"custom_model_data": 636, "throwing": 0},               "model": "item/adamantium_spear_in_hand"},
        {"predicate": {"custom_model_data": 637, "throwing": 0},               "model": "item/diamond_spear_in_hand"},
        {"predicate": {"custom_model_data": 638, "throwing": 0},               "model": "item/onyx_spear_in_hand"},
        {"predicate": {"custom_model_data": 639, "throwing": 0},               "model": "item/heliocolium_spear_in_hand"},

        {"predicate": {"custom_model_data": 625, "throwing": 1},               "model": "item/wooden_spear_throwing"},
        {"predicate": {"custom_model_data": 626, "throwing": 1},               "model": "item/stone_spear_throwing"},
        {"predicate": {"custom_model_data": 627, "throwing": 1},               "model": "item/golden_spear_throwing"},
        {"predicate": {"custom_model_data": 628, "throwing": 1},               "model": "item/tin_spear_throwing"},
        {"predicate": {"custom_model_data": 629, "throwing": 1},               "model": "item/copper_spear_throwing"},
        {"predicate": {"custom_model_data": 630, "throwing": 1},               "model": "item/bronze_spear_throwing"},
        {"predicate": {"custom_model_data": 632, "throwing": 1},               "model": "item/iron_spear_throwing"},
        {"predicate": {"custom_model_data": 633, "throwing": 1},               "model": "item/prismarine_spear_throwing"},
        {"predicate": {"custom_model_data": 634, "throwing": 1},               "model": "item/quartz_spear_throwing"},
        {"predicate": {"custom_model_data": 635, "throwing": 1},               "model": "item/mithril_spear_throwing"},
        {"predicate": {"custom_model_data": 636, "throwing": 1},               "model": "item/adamantium_spear_throwing"},
        {"predicate": {"custom_model_data": 637, "throwing": 1},               "model": "item/diamond_spear_throwing"},
        {"predicate": {"custom_model_data": 638, "throwing": 1},               "model": "item/onyx_spear_throwing"},
        {"predicate": {"custom_model_data": 639, "throwing": 1},               "model": "item/heliocolium_spear_throwing"}      
    ]
}
