{"providers":[{"type":"bitmap","file":"minecraft:item/acacia_boat.png","ascent":9,"height":9,"chars":["\uE000"]},{"type":"bitmap","file":"minecraft:item/acacia_door.png","ascent":9,"height":9,"chars":["\uE001"]},{"type":"bitmap","file":"minecraft:item/acacia_sign.png","ascent":9,"height":9,"chars":["\uE002"]},{"type":"bitmap","file":"minecraft:item/apple.png","ascent":9,"height":9,"chars":["\uE003"]},{"type":"bitmap","file":"minecraft:item/armor_stand.png","ascent":9,"height":9,"chars":["\uE004"]},{"type":"bitmap","file":"minecraft:item/arrow.png","ascent":9,"height":9,"chars":["\uE005"]},{"type":"bitmap","file":"minecraft:item/baked_potato.png","ascent":9,"height":9,"chars":["\uE006"]},{"type":"bitmap","file":"minecraft:item/bamboo.png","ascent":9,"height":9,"chars":["\uE007"]},{"type":"bitmap","file":"minecraft:item/barrier.png","ascent":9,"height":9,"chars":["\uE008"]},{"type":"bitmap","file":"minecraft:item/beef.png","ascent":9,"height":9,"chars":["\uE009"]},{"type":"bitmap","file":"minecraft:item/beetroot.png","ascent":9,"height":9,"chars":["\uE00A"]},{"type":"bitmap","file":"minecraft:item/beetroot_seeds.png","ascent":9,"height":9,"chars":["\uE00B"]},{"type":"bitmap","file":"minecraft:item/beetroot_soup.png","ascent":9,"height":9,"chars":["\uE00C"]},{"type":"bitmap","file":"minecraft:item/bell.png","ascent":9,"height":9,"chars":["\uE00D"]},{"type":"bitmap","file":"minecraft:item/birch_boat.png","ascent":9,"height":9,"chars":["\uE00E"]},{"type":"bitmap","file":"minecraft:item/birch_door.png","ascent":9,"height":9,"chars":["\uE00F"]},{"type":"bitmap","file":"minecraft:item/birch_sign.png","ascent":9,"height":9,"chars":["\uE010"]},{"type":"bitmap","file":"minecraft:item/black_dye.png","ascent":9,"height":9,"chars":["\uE011"]},{"type":"bitmap","file":"minecraft:item/blaze_powder.png","ascent":9,"height":9,"chars":["\uE012"]},{"type":"bitmap","file":"minecraft:item/blaze_rod.png","ascent":9,"height":9,"chars":["\uE013"]},{"type":"bitmap","file":"minecraft:item/blue_dye.png","ascent":9,"height":9,"chars":["\uE014"]},{"type":"bitmap","file":"minecraft:item/bone.png","ascent":9,"height":9,"chars":["\uE015"]},{"type":"bitmap","file":"minecraft:item/bone_meal.png","ascent":9,"height":9,"chars":["\uE016"]},{"type":"bitmap","file":"minecraft:item/book.png","ascent":9,"height":9,"chars":["\uE017"]},{"type":"bitmap","file":"minecraft:item/bow.png","ascent":9,"height":9,"chars":["\uE018"]},{"type":"bitmap","file":"minecraft:item/bowl.png","ascent":9,"height":9,"chars":["\uE019"]},{"type":"bitmap","file":"minecraft:item/bow_pulling_0.png","ascent":9,"height":9,"chars":["\uE01A"]},{"type":"bitmap","file":"minecraft:item/bow_pulling_1.png","ascent":9,"height":9,"chars":["\uE01B"]},{"type":"bitmap","file":"minecraft:item/bow_pulling_2.png","ascent":9,"height":9,"chars":["\uE01C"]},{"type":"bitmap","file":"minecraft:item/bread.png","ascent":9,"height":9,"chars":["\uE01D"]},{"type":"bitmap","file":"minecraft:item/brewing_stand.png","ascent":9,"height":9,"chars":["\uE01E"]},{"type":"bitmap","file":"minecraft:item/brick.png","ascent":9,"height":9,"chars":["\uE01F"]},{"type":"bitmap","file":"minecraft:item/broken_elytra.png","ascent":9,"height":9,"chars":["\uE020"]},{"type":"bitmap","file":"minecraft:item/brown_dye.png","ascent":9,"height":9,"chars":["\uE021"]},{"type":"bitmap","file":"minecraft:item/bucket.png","ascent":9,"height":9,"chars":["\uE022"]},{"type":"bitmap","file":"minecraft:item/cake.png","ascent":9,"height":9,"chars":["\uE023"]},{"type":"bitmap","file":"minecraft:item/campfire.png","ascent":9,"height":9,"chars":["\uE024"]},{"type":"bitmap","file":"minecraft:item/carrot.png","ascent":9,"height":9,"chars":["\uE025"]},{"type":"bitmap","file":"minecraft:item/carrot_on_a_stick.png","ascent":9,"height":9,"chars":["\uE026"]},{"type":"bitmap","file":"minecraft:item/cauldron.png","ascent":9,"height":9,"chars":["\uE027"]},{"type":"bitmap","file":"minecraft:item/chainmail_boots.png","ascent":9,"height":9,"chars":["\uE028"]},{"type":"bitmap","file":"minecraft:item/chainmail_chestplate.png","ascent":9,"height":9,"chars":["\uE029"]},{"type":"bitmap","file":"minecraft:item/chainmail_helmet.png","ascent":9,"height":9,"chars":["\uE02A"]},{"type":"bitmap","file":"minecraft:item/chainmail_leggings.png","ascent":9,"height":9,"chars":["\uE02B"]},{"type":"bitmap","file":"minecraft:item/charcoal.png","ascent":9,"height":9,"chars":["\uE02C"]},{"type":"bitmap","file":"minecraft:item/chest_minecart.png","ascent":9,"height":9,"chars":["\uE02D"]},{"type":"bitmap","file":"minecraft:item/chicken.png","ascent":9,"height":9,"chars":["\uE02E"]},{"type":"bitmap","file":"minecraft:item/chorus_fruit.png","ascent":9,"height":9,"chars":["\uE02F"]},{"type":"bitmap","file":"minecraft:item/clay_ball.png","ascent":9,"height":9,"chars":["\uE030"]},{"type":"bitmap","file":"minecraft:item/clock_00.png","ascent":9,"height":9,"chars":["\uE031"]},{"type":"bitmap","file":"minecraft:item/clock_01.png","ascent":9,"height":9,"chars":["\uE032"]},{"type":"bitmap","file":"minecraft:item/clock_02.png","ascent":9,"height":9,"chars":["\uE033"]},{"type":"bitmap","file":"minecraft:item/clock_03.png","ascent":9,"height":9,"chars":["\uE034"]},{"type":"bitmap","file":"minecraft:item/clock_04.png","ascent":9,"height":9,"chars":["\uE035"]},{"type":"bitmap","file":"minecraft:item/clock_05.png","ascent":9,"height":9,"chars":["\uE036"]},{"type":"bitmap","file":"minecraft:item/clock_06.png","ascent":9,"height":9,"chars":["\uE037"]},{"type":"bitmap","file":"minecraft:item/clock_07.png","ascent":9,"height":9,"chars":["\uE038"]},{"type":"bitmap","file":"minecraft:item/clock_08.png","ascent":9,"height":9,"chars":["\uE039"]},{"type":"bitmap","file":"minecraft:item/clock_09.png","ascent":9,"height":9,"chars":["\uE03A"]},{"type":"bitmap","file":"minecraft:item/clock_10.png","ascent":9,"height":9,"chars":["\uE03B"]},{"type":"bitmap","file":"minecraft:item/clock_11.png","ascent":9,"height":9,"chars":["\uE03C"]},{"type":"bitmap","file":"minecraft:item/clock_12.png","ascent":9,"height":9,"chars":["\uE03D"]},{"type":"bitmap","file":"minecraft:item/clock_13.png","ascent":9,"height":9,"chars":["\uE03E"]},{"type":"bitmap","file":"minecraft:item/clock_14.png","ascent":9,"height":9,"chars":["\uE03F"]},{"type":"bitmap","file":"minecraft:item/clock_15.png","ascent":9,"height":9,"chars":["\uE040"]},{"type":"bitmap","file":"minecraft:item/clock_16.png","ascent":9,"height":9,"chars":["\uE041"]},{"type":"bitmap","file":"minecraft:item/clock_17.png","ascent":9,"height":9,"chars":["\uE042"]},{"type":"bitmap","file":"minecraft:item/clock_18.png","ascent":9,"height":9,"chars":["\uE043"]},{"type":"bitmap","file":"minecraft:item/clock_19.png","ascent":9,"height":9,"chars":["\uE044"]},{"type":"bitmap","file":"minecraft:item/clock_20.png","ascent":9,"height":9,"chars":["\uE045"]},{"type":"bitmap","file":"minecraft:item/clock_21.png","ascent":9,"height":9,"chars":["\uE046"]},{"type":"bitmap","file":"minecraft:item/clock_22.png","ascent":9,"height":9,"chars":["\uE047"]},{"type":"bitmap","file":"minecraft:item/clock_23.png","ascent":9,"height":9,"chars":["\uE048"]},{"type":"bitmap","file":"minecraft:item/clock_24.png","ascent":9,"height":9,"chars":["\uE049"]},{"type":"bitmap","file":"minecraft:item/clock_25.png","ascent":9,"height":9,"chars":["\uE04A"]},{"type":"bitmap","file":"minecraft:item/clock_26.png","ascent":9,"height":9,"chars":["\uE04B"]},{"type":"bitmap","file":"minecraft:item/clock_27.png","ascent":9,"height":9,"chars":["\uE04C"]},{"type":"bitmap","file":"minecraft:item/clock_28.png","ascent":9,"height":9,"chars":["\uE04D"]},{"type":"bitmap","file":"minecraft:item/clock_29.png","ascent":9,"height":9,"chars":["\uE04E"]},{"type":"bitmap","file":"minecraft:item/clock_30.png","ascent":9,"height":9,"chars":["\uE04F"]},{"type":"bitmap","file":"minecraft:item/clock_31.png","ascent":9,"height":9,"chars":["\uE050"]},{"type":"bitmap","file":"minecraft:item/clock_32.png","ascent":9,"height":9,"chars":["\uE051"]},{"type":"bitmap","file":"minecraft:item/clock_33.png","ascent":9,"height":9,"chars":["\uE052"]},{"type":"bitmap","file":"minecraft:item/clock_34.png","ascent":9,"height":9,"chars":["\uE053"]},{"type":"bitmap","file":"minecraft:item/clock_35.png","ascent":9,"height":9,"chars":["\uE054"]},{"type":"bitmap","file":"minecraft:item/clock_36.png","ascent":9,"height":9,"chars":["\uE055"]},{"type":"bitmap","file":"minecraft:item/clock_37.png","ascent":9,"height":9,"chars":["\uE056"]},{"type":"bitmap","file":"minecraft:item/clock_38.png","ascent":9,"height":9,"chars":["\uE057"]},{"type":"bitmap","file":"minecraft:item/clock_39.png","ascent":9,"height":9,"chars":["\uE058"]},{"type":"bitmap","file":"minecraft:item/clock_40.png","ascent":9,"height":9,"chars":["\uE059"]},{"type":"bitmap","file":"minecraft:item/clock_41.png","ascent":9,"height":9,"chars":["\uE05A"]},{"type":"bitmap","file":"minecraft:item/clock_42.png","ascent":9,"height":9,"chars":["\uE05B"]},{"type":"bitmap","file":"minecraft:item/clock_43.png","ascent":9,"height":9,"chars":["\uE05C"]},{"type":"bitmap","file":"minecraft:item/clock_44.png","ascent":9,"height":9,"chars":["\uE05D"]},{"type":"bitmap","file":"minecraft:item/clock_45.png","ascent":9,"height":9,"chars":["\uE05E"]},{"type":"bitmap","file":"minecraft:item/clock_46.png","ascent":9,"height":9,"chars":["\uE05F"]},{"type":"bitmap","file":"minecraft:item/clock_47.png","ascent":9,"height":9,"chars":["\uE060"]},{"type":"bitmap","file":"minecraft:item/clock_48.png","ascent":9,"height":9,"chars":["\uE061"]},{"type":"bitmap","file":"minecraft:item/clock_49.png","ascent":9,"height":9,"chars":["\uE062"]},{"type":"bitmap","file":"minecraft:item/clock_50.png","ascent":9,"height":9,"chars":["\uE063"]},{"type":"bitmap","file":"minecraft:item/clock_51.png","ascent":9,"height":9,"chars":["\uE064"]},{"type":"bitmap","file":"minecraft:item/clock_52.png","ascent":9,"height":9,"chars":["\uE065"]},{"type":"bitmap","file":"minecraft:item/clock_53.png","ascent":9,"height":9,"chars":["\uE066"]},{"type":"bitmap","file":"minecraft:item/clock_54.png","ascent":9,"height":9,"chars":["\uE067"]},{"type":"bitmap","file":"minecraft:item/clock_55.png","ascent":9,"height":9,"chars":["\uE068"]},{"type":"bitmap","file":"minecraft:item/clock_56.png","ascent":9,"height":9,"chars":["\uE069"]},{"type":"bitmap","file":"minecraft:item/clock_57.png","ascent":9,"height":9,"chars":["\uE06A"]},{"type":"bitmap","file":"minecraft:item/clock_58.png","ascent":9,"height":9,"chars":["\uE06B"]},{"type":"bitmap","file":"minecraft:item/clock_59.png","ascent":9,"height":9,"chars":["\uE06C"]},{"type":"bitmap","file":"minecraft:item/clock_60.png","ascent":9,"height":9,"chars":["\uE06D"]},{"type":"bitmap","file":"minecraft:item/clock_61.png","ascent":9,"height":9,"chars":["\uE06E"]},{"type":"bitmap","file":"minecraft:item/clock_62.png","ascent":9,"height":9,"chars":["\uE06F"]},{"type":"bitmap","file":"minecraft:item/clock_63.png","ascent":9,"height":9,"chars":["\uE070"]},{"type":"bitmap","file":"minecraft:item/coal.png","ascent":9,"height":9,"chars":["\uE071"]},{"type":"bitmap","file":"minecraft:item/cocoa_beans.png","ascent":9,"height":9,"chars":["\uE072"]},{"type":"bitmap","file":"minecraft:item/cod.png","ascent":9,"height":9,"chars":["\uE073"]},{"type":"bitmap","file":"minecraft:item/cod_bucket.png","ascent":9,"height":9,"chars":["\uE074"]},{"type":"bitmap","file":"minecraft:item/command_block_minecart.png","ascent":9,"height":9,"chars":["\uE075"]},{"type":"bitmap","file":"minecraft:item/comparator.png","ascent":9,"height":9,"chars":["\uE076"]},{"type":"bitmap","file":"minecraft:item/compass_00.png","ascent":9,"height":9,"chars":["\uE077"]},{"type":"bitmap","file":"minecraft:item/compass_01.png","ascent":9,"height":9,"chars":["\uE078"]},{"type":"bitmap","file":"minecraft:item/compass_02.png","ascent":9,"height":9,"chars":["\uE079"]},{"type":"bitmap","file":"minecraft:item/compass_03.png","ascent":9,"height":9,"chars":["\uE07A"]},{"type":"bitmap","file":"minecraft:item/compass_04.png","ascent":9,"height":9,"chars":["\uE07B"]},{"type":"bitmap","file":"minecraft:item/compass_05.png","ascent":9,"height":9,"chars":["\uE07C"]},{"type":"bitmap","file":"minecraft:item/compass_06.png","ascent":9,"height":9,"chars":["\uE07D"]},{"type":"bitmap","file":"minecraft:item/compass_07.png","ascent":9,"height":9,"chars":["\uE07E"]},{"type":"bitmap","file":"minecraft:item/compass_08.png","ascent":9,"height":9,"chars":["\uE07F"]},{"type":"bitmap","file":"minecraft:item/compass_09.png","ascent":9,"height":9,"chars":["\uE080"]},{"type":"bitmap","file":"minecraft:item/compass_10.png","ascent":9,"height":9,"chars":["\uE081"]},{"type":"bitmap","file":"minecraft:item/compass_11.png","ascent":9,"height":9,"chars":["\uE082"]},{"type":"bitmap","file":"minecraft:item/compass_12.png","ascent":9,"height":9,"chars":["\uE083"]},{"type":"bitmap","file":"minecraft:item/compass_13.png","ascent":9,"height":9,"chars":["\uE084"]},{"type":"bitmap","file":"minecraft:item/compass_14.png","ascent":9,"height":9,"chars":["\uE085"]},{"type":"bitmap","file":"minecraft:item/compass_15.png","ascent":9,"height":9,"chars":["\uE086"]},{"type":"bitmap","file":"minecraft:item/compass_16.png","ascent":9,"height":9,"chars":["\uE087"]},{"type":"bitmap","file":"minecraft:item/compass_17.png","ascent":9,"height":9,"chars":["\uE088"]},{"type":"bitmap","file":"minecraft:item/compass_18.png","ascent":9,"height":9,"chars":["\uE089"]},{"type":"bitmap","file":"minecraft:item/compass_19.png","ascent":9,"height":9,"chars":["\uE08A"]},{"type":"bitmap","file":"minecraft:item/compass_20.png","ascent":9,"height":9,"chars":["\uE08B"]},{"type":"bitmap","file":"minecraft:item/compass_21.png","ascent":9,"height":9,"chars":["\uE08C"]},{"type":"bitmap","file":"minecraft:item/compass_22.png","ascent":9,"height":9,"chars":["\uE08D"]},{"type":"bitmap","file":"minecraft:item/compass_23.png","ascent":9,"height":9,"chars":["\uE08E"]},{"type":"bitmap","file":"minecraft:item/compass_24.png","ascent":9,"height":9,"chars":["\uE08F"]},{"type":"bitmap","file":"minecraft:item/compass_25.png","ascent":9,"height":9,"chars":["\uE090"]},{"type":"bitmap","file":"minecraft:item/compass_26.png","ascent":9,"height":9,"chars":["\uE091"]},{"type":"bitmap","file":"minecraft:item/compass_27.png","ascent":9,"height":9,"chars":["\uE092"]},{"type":"bitmap","file":"minecraft:item/compass_28.png","ascent":9,"height":9,"chars":["\uE093"]},{"type":"bitmap","file":"minecraft:item/compass_29.png","ascent":9,"height":9,"chars":["\uE094"]},{"type":"bitmap","file":"minecraft:item/compass_30.png","ascent":9,"height":9,"chars":["\uE095"]},{"type":"bitmap","file":"minecraft:item/compass_31.png","ascent":9,"height":9,"chars":["\uE096"]},{"type":"bitmap","file":"minecraft:item/cooked_beef.png","ascent":9,"height":9,"chars":["\uE097"]},{"type":"bitmap","file":"minecraft:item/cooked_chicken.png","ascent":9,"height":9,"chars":["\uE098"]},{"type":"bitmap","file":"minecraft:item/cooked_cod.png","ascent":9,"height":9,"chars":["\uE099"]},{"type":"bitmap","file":"minecraft:item/cooked_mutton.png","ascent":9,"height":9,"chars":["\uE09A"]},{"type":"bitmap","file":"minecraft:item/cooked_porkchop.png","ascent":9,"height":9,"chars":["\uE09B"]},{"type":"bitmap","file":"minecraft:item/cooked_rabbit.png","ascent":9,"height":9,"chars":["\uE09C"]},{"type":"bitmap","file":"minecraft:item/cooked_salmon.png","ascent":9,"height":9,"chars":["\uE09D"]},{"type":"bitmap","file":"minecraft:item/cookie.png","ascent":9,"height":9,"chars":["\uE09E"]},{"type":"bitmap","file":"minecraft:item/creeper_banner_pattern.png","ascent":9,"height":9,"chars":["\uE09F"]},{"type":"bitmap","file":"minecraft:item/crossbow_arrow.png","ascent":9,"height":9,"chars":["\uE0A0"]},{"type":"bitmap","file":"minecraft:item/crossbow_firework.png","ascent":9,"height":9,"chars":["\uE0A1"]},{"type":"bitmap","file":"minecraft:item/crossbow_pulling_0.png","ascent":9,"height":9,"chars":["\uE0A2"]},{"type":"bitmap","file":"minecraft:item/crossbow_pulling_1.png","ascent":9,"height":9,"chars":["\uE0A3"]},{"type":"bitmap","file":"minecraft:item/crossbow_pulling_2.png","ascent":9,"height":9,"chars":["\uE0A4"]},{"type":"bitmap","file":"minecraft:item/crossbow_standby.png","ascent":9,"height":9,"chars":["\uE0A5"]},{"type":"bitmap","file":"minecraft:item/cyan_dye.png","ascent":9,"height":9,"chars":["\uE0A6"]},{"type":"bitmap","file":"minecraft:item/dark_oak_boat.png","ascent":9,"height":9,"chars":["\uE0A7"]},{"type":"bitmap","file":"minecraft:item/dark_oak_door.png","ascent":9,"height":9,"chars":["\uE0A8"]},{"type":"bitmap","file":"minecraft:item/dark_oak_sign.png","ascent":9,"height":9,"chars":["\uE0A9"]},{"type":"bitmap","file":"minecraft:item/diamond.png","ascent":9,"height":9,"chars":["\uE0AA"]},{"type":"bitmap","file":"minecraft:item/diamond_axe.png","ascent":9,"height":9,"chars":["\uE0AB"]},{"type":"bitmap","file":"minecraft:item/diamond_boots.png","ascent":9,"height":9,"chars":["\uE0AC"]},{"type":"bitmap","file":"minecraft:item/diamond_chestplate.png","ascent":9,"height":9,"chars":["\uE0AD"]},{"type":"bitmap","file":"minecraft:item/diamond_helmet.png","ascent":9,"height":9,"chars":["\uE0AE"]},{"type":"bitmap","file":"minecraft:item/diamond_hoe.png","ascent":9,"height":9,"chars":["\uE0AF"]},{"type":"bitmap","file":"minecraft:item/diamond_horse_armor.png","ascent":9,"height":9,"chars":["\uE0B0"]},{"type":"bitmap","file":"minecraft:item/diamond_leggings.png","ascent":9,"height":9,"chars":["\uE0B1"]},{"type":"bitmap","file":"minecraft:item/diamond_pickaxe.png","ascent":9,"height":9,"chars":["\uE0B2"]},{"type":"bitmap","file":"minecraft:item/diamond_shovel.png","ascent":9,"height":9,"chars":["\uE0B3"]},{"type":"bitmap","file":"minecraft:item/diamond_sword.png","ascent":9,"height":9,"chars":["\uE0B4"]},{"type":"bitmap","file":"minecraft:item/dragon_breath.png","ascent":9,"height":9,"chars":["\uE0B5"]},{"type":"bitmap","file":"minecraft:item/dried_kelp.png","ascent":9,"height":9,"chars":["\uE0B6"]},{"type":"bitmap","file":"minecraft:item/egg.png","ascent":9,"height":9,"chars":["\uE0B7"]},{"type":"bitmap","file":"minecraft:item/elytra.png","ascent":9,"height":9,"chars":["\uE0B8"]},{"type":"bitmap","file":"minecraft:item/emerald.png","ascent":9,"height":9,"chars":["\uE0B9"]},{"type":"bitmap","file":"minecraft:item/empty_armor_slot_boots.png","ascent":9,"height":9,"chars":["\uE0BA"]},{"type":"bitmap","file":"minecraft:item/empty_armor_slot_chestplate.png","ascent":9,"height":9,"chars":["\uE0BB"]},{"type":"bitmap","file":"minecraft:item/empty_armor_slot_helmet.png","ascent":9,"height":9,"chars":["\uE0BC"]},{"type":"bitmap","file":"minecraft:item/empty_armor_slot_leggings.png","ascent":9,"height":9,"chars":["\uE0BD"]},{"type":"bitmap","file":"minecraft:item/empty_armor_slot_shield.png","ascent":9,"height":9,"chars":["\uE0BE"]},{"type":"bitmap","file":"minecraft:item/enchanted_book.png","ascent":9,"height":9,"chars":["\uE0BF"]},{"type":"bitmap","file":"minecraft:item/ender_eye.png","ascent":9,"height":9,"chars":["\uE0C0"]},{"type":"bitmap","file":"minecraft:item/ender_pearl.png","ascent":9,"height":9,"chars":["\uE0C1"]},{"type":"bitmap","file":"minecraft:item/end_crystal.png","ascent":9,"height":9,"chars":["\uE0C2"]},{"type":"bitmap","file":"minecraft:item/experience_bottle.png","ascent":9,"height":9,"chars":["\uE0C3"]},{"type":"bitmap","file":"minecraft:item/feather.png","ascent":9,"height":9,"chars":["\uE0C4"]},{"type":"bitmap","file":"minecraft:item/fermented_spider_eye.png","ascent":9,"height":9,"chars":["\uE0C5"]},{"type":"bitmap","file":"minecraft:item/filled_map.png","ascent":9,"height":9,"chars":["\uE0C6"]},{"type":"bitmap","file":"minecraft:item/filled_map_markings.png","ascent":9,"height":9,"chars":["\uE0C7"]},{"type":"bitmap","file":"minecraft:item/firework_rocket.png","ascent":9,"height":9,"chars":["\uE0C8"]},{"type":"bitmap","file":"minecraft:item/firework_star.png","ascent":9,"height":9,"chars":["\uE0C9"]},{"type":"bitmap","file":"minecraft:item/firework_star_overlay.png","ascent":9,"height":9,"chars":["\uE0CA"]},{"type":"bitmap","file":"minecraft:item/fire_charge.png","ascent":9,"height":9,"chars":["\uE0CB"]},{"type":"bitmap","file":"minecraft:item/fishing_rod.png","ascent":9,"height":9,"chars":["\uE0CC"]},{"type":"bitmap","file":"minecraft:item/fishing_rod_cast.png","ascent":9,"height":9,"chars":["\uE0CD"]},{"type":"bitmap","file":"minecraft:item/flint.png","ascent":9,"height":9,"chars":["\uE0CE"]},{"type":"bitmap","file":"minecraft:item/flint_and_steel.png","ascent":9,"height":9,"chars":["\uE0CF"]},{"type":"bitmap","file":"minecraft:item/flower_banner_pattern.png","ascent":9,"height":9,"chars":["\uE0D0"]},{"type":"bitmap","file":"minecraft:item/flower_pot.png","ascent":9,"height":9,"chars":["\uE0D1"]},{"type":"bitmap","file":"minecraft:item/furnace_minecart.png","ascent":9,"height":9,"chars":["\uE0D2"]},{"type":"bitmap","file":"minecraft:item/ghast_tear.png","ascent":9,"height":9,"chars":["\uE0D3"]},{"type":"bitmap","file":"minecraft:item/glass_bottle.png","ascent":9,"height":9,"chars":["\uE0D4"]},{"type":"bitmap","file":"minecraft:item/glistering_melon_slice.png","ascent":9,"height":9,"chars":["\uE0D5"]},{"type":"bitmap","file":"minecraft:item/globe_banner_pattern.png","ascent":9,"height":9,"chars":["\uE0D6"]},{"type":"bitmap","file":"minecraft:item/glowstone_dust.png","ascent":9,"height":9,"chars":["\uE0D7"]},{"type":"bitmap","file":"minecraft:item/golden_apple.png","ascent":9,"height":9,"chars":["\uE0D8"]},{"type":"bitmap","file":"minecraft:item/golden_axe.png","ascent":9,"height":9,"chars":["\uE0D9"]},{"type":"bitmap","file":"minecraft:item/golden_boots.png","ascent":9,"height":9,"chars":["\uE0DA"]},{"type":"bitmap","file":"minecraft:item/golden_carrot.png","ascent":9,"height":9,"chars":["\uE0DB"]},{"type":"bitmap","file":"minecraft:item/golden_chestplate.png","ascent":9,"height":9,"chars":["\uE0DC"]},{"type":"bitmap","file":"minecraft:item/golden_helmet.png","ascent":9,"height":9,"chars":["\uE0DD"]},{"type":"bitmap","file":"minecraft:item/golden_hoe.png","ascent":9,"height":9,"chars":["\uE0DE"]},{"type":"bitmap","file":"minecraft:item/golden_horse_armor.png","ascent":9,"height":9,"chars":["\uE0DF"]},{"type":"bitmap","file":"minecraft:item/golden_leggings.png","ascent":9,"height":9,"chars":["\uE0E0"]},{"type":"bitmap","file":"minecraft:item/golden_pickaxe.png","ascent":9,"height":9,"chars":["\uE0E1"]},{"type":"bitmap","file":"minecraft:item/golden_shovel.png","ascent":9,"height":9,"chars":["\uE0E2"]},{"type":"bitmap","file":"minecraft:item/golden_sword.png","ascent":9,"height":9,"chars":["\uE0E3"]},{"type":"bitmap","file":"minecraft:item/gold_ingot.png","ascent":9,"height":9,"chars":["\uE0E4"]},{"type":"bitmap","file":"minecraft:item/gold_nugget.png","ascent":9,"height":9,"chars":["\uE0E5"]},{"type":"bitmap","file":"minecraft:item/gray_dye.png","ascent":9,"height":9,"chars":["\uE0E6"]},{"type":"bitmap","file":"minecraft:item/green_dye.png","ascent":9,"height":9,"chars":["\uE0E7"]},{"type":"bitmap","file":"minecraft:item/gunpowder.png","ascent":9,"height":9,"chars":["\uE0E8"]},{"type":"bitmap","file":"minecraft:item/heart_of_the_sea.png","ascent":9,"height":9,"chars":["\uE0E9"]},{"type":"bitmap","file":"minecraft:item/honeycomb.png","ascent":9,"height":9,"chars":["\uE0EA"]},{"type":"bitmap","file":"minecraft:item/honey_bottle.png","ascent":9,"height":9,"chars":["\uE0EB"]},{"type":"bitmap","file":"minecraft:item/hopper.png","ascent":9,"height":9,"chars":["\uE0EC"]},{"type":"bitmap","file":"minecraft:item/hopper_minecart.png","ascent":9,"height":9,"chars":["\uE0ED"]},{"type":"bitmap","file":"minecraft:item/ink_sac.png","ascent":9,"height":9,"chars":["\uE0EE"]},{"type":"bitmap","file":"minecraft:item/iron_axe.png","ascent":9,"height":9,"chars":["\uE0EF"]},{"type":"bitmap","file":"minecraft:item/iron_boots.png","ascent":9,"height":9,"chars":["\uE0F0"]},{"type":"bitmap","file":"minecraft:item/iron_chestplate.png","ascent":9,"height":9,"chars":["\uE0F1"]},{"type":"bitmap","file":"minecraft:item/iron_door.png","ascent":9,"height":9,"chars":["\uE0F2"]},{"type":"bitmap","file":"minecraft:item/iron_helmet.png","ascent":9,"height":9,"chars":["\uE0F3"]},{"type":"bitmap","file":"minecraft:item/iron_hoe.png","ascent":9,"height":9,"chars":["\uE0F4"]},{"type":"bitmap","file":"minecraft:item/iron_horse_armor.png","ascent":9,"height":9,"chars":["\uE0F5"]},{"type":"bitmap","file":"minecraft:item/iron_ingot.png","ascent":9,"height":9,"chars":["\uE0F6"]},{"type":"bitmap","file":"minecraft:item/iron_leggings.png","ascent":9,"height":9,"chars":["\uE0F7"]},{"type":"bitmap","file":"minecraft:item/iron_nugget.png","ascent":9,"height":9,"chars":["\uE0F8"]},{"type":"bitmap","file":"minecraft:item/iron_pickaxe.png","ascent":9,"height":9,"chars":["\uE0F9"]},{"type":"bitmap","file":"minecraft:item/iron_shovel.png","ascent":9,"height":9,"chars":["\uE0FA"]},{"type":"bitmap","file":"minecraft:item/iron_sword.png","ascent":9,"height":9,"chars":["\uE0FB"]},{"type":"bitmap","file":"minecraft:item/item_frame.png","ascent":9,"height":9,"chars":["\uE0FC"]},{"type":"bitmap","file":"minecraft:item/jungle_boat.png","ascent":9,"height":9,"chars":["\uE0FD"]},{"type":"bitmap","file":"minecraft:item/jungle_door.png","ascent":9,"height":9,"chars":["\uE0FE"]},{"type":"bitmap","file":"minecraft:item/jungle_sign.png","ascent":9,"height":9,"chars":["\uE0FF"]},{"type":"bitmap","file":"minecraft:item/kelp.png","ascent":9,"height":9,"chars":["\uE100"]},{"type":"bitmap","file":"minecraft:item/knowledge_book.png","ascent":9,"height":9,"chars":["\uE101"]},{"type":"bitmap","file":"minecraft:item/lantern.png","ascent":9,"height":9,"chars":["\uE102"]},{"type":"bitmap","file":"minecraft:item/lapis_lazuli.png","ascent":9,"height":9,"chars":["\uE103"]},{"type":"bitmap","file":"minecraft:item/lava_bucket.png","ascent":9,"height":9,"chars":["\uE104"]},{"type":"bitmap","file":"minecraft:item/lead.png","ascent":9,"height":9,"chars":["\uE105"]},{"type":"bitmap","file":"minecraft:item/leather.png","ascent":9,"height":9,"chars":["\uE106"]},{"type":"bitmap","file":"minecraft:item/leather_boots.png","ascent":9,"height":9,"chars":["\uE107"]},{"type":"bitmap","file":"minecraft:item/leather_boots_overlay.png","ascent":9,"height":9,"chars":["\uE108"]},{"type":"bitmap","file":"minecraft:item/leather_chestplate.png","ascent":9,"height":9,"chars":["\uE109"]},{"type":"bitmap","file":"minecraft:item/leather_chestplate_overlay.png","ascent":9,"height":9,"chars":["\uE10A"]},{"type":"bitmap","file":"minecraft:item/leather_helmet.png","ascent":9,"height":9,"chars":["\uE10B"]},{"type":"bitmap","file":"minecraft:item/leather_helmet_overlay.png","ascent":9,"height":9,"chars":["\uE10C"]},{"type":"bitmap","file":"minecraft:item/leather_horse_armor.png","ascent":9,"height":9,"chars":["\uE10D"]},{"type":"bitmap","file":"minecraft:item/leather_leggings.png","ascent":9,"height":9,"chars":["\uE10E"]},{"type":"bitmap","file":"minecraft:item/leather_leggings_overlay.png","ascent":9,"height":9,"chars":["\uE10F"]},{"type":"bitmap","file":"minecraft:item/light_blue_dye.png","ascent":9,"height":9,"chars":["\uE110"]},{"type":"bitmap","file":"minecraft:item/light_gray_dye.png","ascent":9,"height":9,"chars":["\uE111"]},{"type":"bitmap","file":"minecraft:item/lime_dye.png","ascent":9,"height":9,"chars":["\uE112"]},{"type":"bitmap","file":"minecraft:item/lingering_potion.png","ascent":9,"height":9,"chars":["\uE113"]},{"type":"bitmap","file":"minecraft:item/magenta_dye.png","ascent":9,"height":9,"chars":["\uE114"]},{"type":"bitmap","file":"minecraft:item/magma_cream.png","ascent":9,"height":9,"chars":["\uE115"]},{"type":"bitmap","file":"minecraft:item/map.png","ascent":9,"height":9,"chars":["\uE116"]},{"type":"bitmap","file":"minecraft:item/melon_seeds.png","ascent":9,"height":9,"chars":["\uE117"]},{"type":"bitmap","file":"minecraft:item/melon_slice.png","ascent":9,"height":9,"chars":["\uE118"]},{"type":"bitmap","file":"minecraft:item/milk_bucket.png","ascent":9,"height":9,"chars":["\uE119"]},{"type":"bitmap","file":"minecraft:item/minecart.png","ascent":9,"height":9,"chars":["\uE11A"]},{"type":"bitmap","file":"minecraft:item/mojang_banner_pattern.png","ascent":9,"height":9,"chars":["\uE11B"]},{"type":"bitmap","file":"minecraft:item/mushroom_stew.png","ascent":9,"height":9,"chars":["\uE11C"]},{"type":"bitmap","file":"minecraft:item/music_disc_11.png","ascent":9,"height":9,"chars":["\uE11D"]},{"type":"bitmap","file":"minecraft:item/music_disc_13.png","ascent":9,"height":9,"chars":["\uE11E"]},{"type":"bitmap","file":"minecraft:item/music_disc_blocks.png","ascent":9,"height":9,"chars":["\uE11F"]},{"type":"bitmap","file":"minecraft:item/music_disc_cat.png","ascent":9,"height":9,"chars":["\uE120"]},{"type":"bitmap","file":"minecraft:item/music_disc_chirp.png","ascent":9,"height":9,"chars":["\uE121"]},{"type":"bitmap","file":"minecraft:item/music_disc_far.png","ascent":9,"height":9,"chars":["\uE122"]},{"type":"bitmap","file":"minecraft:item/music_disc_mall.png","ascent":9,"height":9,"chars":["\uE123"]},{"type":"bitmap","file":"minecraft:item/music_disc_mellohi.png","ascent":9,"height":9,"chars":["\uE124"]},{"type":"bitmap","file":"minecraft:item/music_disc_stal.png","ascent":9,"height":9,"chars":["\uE125"]},{"type":"bitmap","file":"minecraft:item/music_disc_strad.png","ascent":9,"height":9,"chars":["\uE126"]},{"type":"bitmap","file":"minecraft:item/music_disc_wait.png","ascent":9,"height":9,"chars":["\uE127"]},{"type":"bitmap","file":"minecraft:item/music_disc_ward.png","ascent":9,"height":9,"chars":["\uE128"]},{"type":"bitmap","file":"minecraft:item/mutton.png","ascent":9,"height":9,"chars":["\uE129"]},{"type":"bitmap","file":"minecraft:item/name_tag.png","ascent":9,"height":9,"chars":["\uE12A"]},{"type":"bitmap","file":"minecraft:item/nautilus_shell.png","ascent":9,"height":9,"chars":["\uE12B"]},{"type":"bitmap","file":"minecraft:item/nether_brick.png","ascent":9,"height":9,"chars":["\uE12C"]},{"type":"bitmap","file":"minecraft:item/nether_star.png","ascent":9,"height":9,"chars":["\uE12D"]},{"type":"bitmap","file":"minecraft:item/nether_wart.png","ascent":9,"height":9,"chars":["\uE12E"]},{"type":"bitmap","file":"minecraft:item/oak_boat.png","ascent":9,"height":9,"chars":["\uE12F"]},{"type":"bitmap","file":"minecraft:item/oak_door.png","ascent":9,"height":9,"chars":["\uE130"]},{"type":"bitmap","file":"minecraft:item/oak_sign.png","ascent":9,"height":9,"chars":["\uE131"]},{"type":"bitmap","file":"minecraft:item/orange_dye.png","ascent":9,"height":9,"chars":["\uE132"]},{"type":"bitmap","file":"minecraft:item/painting.png","ascent":9,"height":9,"chars":["\uE133"]},{"type":"bitmap","file":"minecraft:item/paper.png","ascent":9,"height":9,"chars":["\uE134"]},{"type":"bitmap","file":"minecraft:item/phantom_membrane.png","ascent":9,"height":9,"chars":["\uE135"]},{"type":"bitmap","file":"minecraft:item/pink_dye.png","ascent":9,"height":9,"chars":["\uE136"]},{"type":"bitmap","file":"minecraft:item/poisonous_potato.png","ascent":9,"height":9,"chars":["\uE137"]},{"type":"bitmap","file":"minecraft:item/popped_chorus_fruit.png","ascent":9,"height":9,"chars":["\uE138"]},{"type":"bitmap","file":"minecraft:item/porkchop.png","ascent":9,"height":9,"chars":["\uE139"]},{"type":"bitmap","file":"minecraft:item/potato.png","ascent":9,"height":9,"chars":["\uE13A"]},{"type":"bitmap","file":"minecraft:item/potion.png","ascent":9,"height":9,"chars":["\uE13B"]},{"type":"bitmap","file":"minecraft:item/potion_overlay.png","ascent":9,"height":9,"chars":["\uE13C"]},{"type":"bitmap","file":"minecraft:item/prismarine_crystals.png","ascent":9,"height":9,"chars":["\uE13D"]},{"type":"bitmap","file":"minecraft:item/prismarine_shard.png","ascent":9,"height":9,"chars":["\uE13E"]},{"type":"bitmap","file":"minecraft:item/pufferfish.png","ascent":9,"height":9,"chars":["\uE13F"]},{"type":"bitmap","file":"minecraft:item/pufferfish_bucket.png","ascent":9,"height":9,"chars":["\uE140"]},{"type":"bitmap","file":"minecraft:item/pumpkin_pie.png","ascent":9,"height":9,"chars":["\uE141"]},{"type":"bitmap","file":"minecraft:item/pumpkin_seeds.png","ascent":9,"height":9,"chars":["\uE142"]},{"type":"bitmap","file":"minecraft:item/purple_dye.png","ascent":9,"height":9,"chars":["\uE143"]},{"type":"bitmap","file":"minecraft:item/quartz.png","ascent":9,"height":9,"chars":["\uE144"]},{"type":"bitmap","file":"minecraft:item/rabbit.png","ascent":9,"height":9,"chars":["\uE145"]},{"type":"bitmap","file":"minecraft:item/rabbit_foot.png","ascent":9,"height":9,"chars":["\uE146"]},{"type":"bitmap","file":"minecraft:item/rabbit_hide.png","ascent":9,"height":9,"chars":["\uE147"]},{"type":"bitmap","file":"minecraft:item/rabbit_stew.png","ascent":9,"height":9,"chars":["\uE148"]},{"type":"bitmap","file":"minecraft:item/redstone.png","ascent":9,"height":9,"chars":["\uE149"]},{"type":"bitmap","file":"minecraft:item/red_dye.png","ascent":9,"height":9,"chars":["\uE14A"]},{"type":"bitmap","file":"minecraft:item/repeater.png","ascent":9,"height":9,"chars":["\uE14B"]},{"type":"bitmap","file":"minecraft:item/rotten_flesh.png","ascent":9,"height":9,"chars":["\uE14C"]},{"type":"bitmap","file":"minecraft:item/ruby.png","ascent":9,"height":9,"chars":["\uE14D"]},{"type":"bitmap","file":"minecraft:item/saddle.png","ascent":9,"height":9,"chars":["\uE14E"]},{"type":"bitmap","file":"minecraft:item/salmon.png","ascent":9,"height":9,"chars":["\uE14F"]},{"type":"bitmap","file":"minecraft:item/salmon_bucket.png","ascent":9,"height":9,"chars":["\uE150"]},{"type":"bitmap","file":"minecraft:item/scute.png","ascent":9,"height":9,"chars":["\uE151"]},{"type":"bitmap","file":"minecraft:item/seagrass.png","ascent":9,"height":9,"chars":["\uE152"]},{"type":"bitmap","file":"minecraft:item/sea_pickle.png","ascent":9,"height":9,"chars":["\uE153"]},{"type":"bitmap","file":"minecraft:item/shears.png","ascent":9,"height":9,"chars":["\uE154"]},{"type":"bitmap","file":"minecraft:item/shulker_shell.png","ascent":9,"height":9,"chars":["\uE155"]},{"type":"bitmap","file":"minecraft:item/skull_banner_pattern.png","ascent":9,"height":9,"chars":["\uE156"]},{"type":"bitmap","file":"minecraft:item/slime_ball.png","ascent":9,"height":9,"chars":["\uE157"]},{"type":"bitmap","file":"minecraft:item/snowball.png","ascent":9,"height":9,"chars":["\uE158"]},{"type":"bitmap","file":"minecraft:item/spawn_egg.png","ascent":9,"height":9,"chars":["\uE159"]},{"type":"bitmap","file":"minecraft:item/spawn_egg_overlay.png","ascent":9,"height":9,"chars":["\uE15A"]},{"type":"bitmap","file":"minecraft:item/spectral_arrow.png","ascent":9,"height":9,"chars":["\uE15B"]},{"type":"bitmap","file":"minecraft:item/spider_eye.png","ascent":9,"height":9,"chars":["\uE15C"]},{"type":"bitmap","file":"minecraft:item/splash_potion.png","ascent":9,"height":9,"chars":["\uE15D"]},{"type":"bitmap","file":"minecraft:item/spruce_boat.png","ascent":9,"height":9,"chars":["\uE15E"]},{"type":"bitmap","file":"minecraft:item/spruce_door.png","ascent":9,"height":9,"chars":["\uE15F"]},{"type":"bitmap","file":"minecraft:item/spruce_sign.png","ascent":9,"height":9,"chars":["\uE160"]},{"type":"bitmap","file":"minecraft:item/stick.png","ascent":9,"height":9,"chars":["\uE161"]},{"type":"bitmap","file":"minecraft:item/stone_axe.png","ascent":9,"height":9,"chars":["\uE162"]},{"type":"bitmap","file":"minecraft:item/stone_hoe.png","ascent":9,"height":9,"chars":["\uE163"]},{"type":"bitmap","file":"minecraft:item/stone_pickaxe.png","ascent":9,"height":9,"chars":["\uE164"]},{"type":"bitmap","file":"minecraft:item/stone_shovel.png","ascent":9,"height":9,"chars":["\uE165"]},{"type":"bitmap","file":"minecraft:item/stone_sword.png","ascent":9,"height":9,"chars":["\uE166"]},{"type":"bitmap","file":"minecraft:item/string.png","ascent":9,"height":9,"chars":["\uE167"]},{"type":"bitmap","file":"minecraft:item/structure_void.png","ascent":9,"height":9,"chars":["\uE168"]},{"type":"bitmap","file":"minecraft:item/sugar.png","ascent":9,"height":9,"chars":["\uE169"]},{"type":"bitmap","file":"minecraft:item/sugar_cane.png","ascent":9,"height":9,"chars":["\uE16A"]},{"type":"bitmap","file":"minecraft:item/suspicious_stew.png","ascent":9,"height":9,"chars":["\uE16B"]},{"type":"bitmap","file":"minecraft:item/sweet_berries.png","ascent":9,"height":9,"chars":["\uE16C"]},{"type":"bitmap","file":"minecraft:item/tipped_arrow_base.png","ascent":9,"height":9,"chars":["\uE16D"]},{"type":"bitmap","file":"minecraft:item/tipped_arrow_head.png","ascent":9,"height":9,"chars":["\uE16E"]},{"type":"bitmap","file":"minecraft:item/tnt_minecart.png","ascent":9,"height":9,"chars":["\uE16F"]},{"type":"bitmap","file":"minecraft:item/totem_of_undying.png","ascent":9,"height":9,"chars":["\uE170"]},{"type":"bitmap","file":"minecraft:item/trident.png","ascent":9,"height":9,"chars":["\uE171"]},{"type":"bitmap","file":"minecraft:item/tropical_fish.png","ascent":9,"height":9,"chars":["\uE172"]},{"type":"bitmap","file":"minecraft:item/tropical_fish_bucket.png","ascent":9,"height":9,"chars":["\uE173"]},{"type":"bitmap","file":"minecraft:item/turtle_egg.png","ascent":9,"height":9,"chars":["\uE174"]},{"type":"bitmap","file":"minecraft:item/turtle_helmet.png","ascent":9,"height":9,"chars":["\uE175"]},{"type":"bitmap","file":"minecraft:item/water_bucket.png","ascent":9,"height":9,"chars":["\uE176"]},{"type":"bitmap","file":"minecraft:item/wheat.png","ascent":9,"height":9,"chars":["\uE177"]},{"type":"bitmap","file":"minecraft:item/wheat_seeds.png","ascent":9,"height":9,"chars":["\uE178"]},{"type":"bitmap","file":"minecraft:item/white_dye.png","ascent":9,"height":9,"chars":["\uE179"]},{"type":"bitmap","file":"minecraft:item/wooden_axe.png","ascent":9,"height":9,"chars":["\uE17A"]},{"type":"bitmap","file":"minecraft:item/wooden_hoe.png","ascent":9,"height":9,"chars":["\uE17B"]},{"type":"bitmap","file":"minecraft:item/wooden_pickaxe.png","ascent":9,"height":9,"chars":["\uE17C"]},{"type":"bitmap","file":"minecraft:item/wooden_shovel.png","ascent":9,"height":9,"chars":["\uE17D"]},{"type":"bitmap","file":"minecraft:item/wooden_sword.png","ascent":9,"height":9,"chars":["\uE17E"]},{"type":"bitmap","file":"minecraft:item/writable_book.png","ascent":9,"height":9,"chars":["\uE17F"]},{"type":"bitmap","file":"minecraft:item/written_book.png","ascent":9,"height":9,"chars":["\uE180"]},{"type":"bitmap","file":"minecraft:item/yellow_dye.png","ascent":9,"height":9,"chars":["\uE181"]}]