{
	"credit": "Made with Blockbench",
	"textures": {
		"particle": "item/jade_shield",
		"texture": "item/jade_shield"
	},
	"gui_light": "front",
	"elements": [
		{
			"from": [1, 6, 7],
			"to": [2, 12, 8],
			"rotation": {"angle": 0, "axis": "y", "origin": [8, 7, 8]},
			"faces": {
				"north": {"uv": [14, 4, 15, 10], "texture": "#texture"},
				"east": {"uv": [14, 4, 15, 10], "texture": "#texture"},
				"south": {"uv": [14, 4, 15, 10], "texture": "#texture"},
				"west": {"uv": [14, 4, 15, 10], "texture": "#texture"},
				"up": {"uv": [14, 4, 15, 5], "texture": "#texture"},
				"down": {"uv": [14, 4, 15, 10], "texture": "#texture"}
			}
		},
		{
			"from": [2, 5, 7],
			"to": [5, 8, 8],
			"rotation": {"angle": 0, "axis": "y", "origin": [7, 8, 8]},
			"faces": {
				"north": {"uv": [11, 8, 14, 11], "texture": "#texture"},
				"east": {"uv": [11, 8, 14, 11], "texture": "#texture"},
				"south": {"uv": [2, 8, 5, 11], "texture": "#texture"},
				"west": {"uv": [13, 8, 14, 11], "texture": "#texture"},
				"up": {"uv": [11, 8, 14, 11], "texture": "#texture"},
				"down": {"uv": [11, 8, 14, 11], "texture": "#texture"}
			}
		},
		{
			"from": [3, 3, 7],
			"to": [5, 4, 8],
			"faces": {
				"north": {"uv": [11, 12, 13, 13], "texture": "#texture"},
				"east": {"uv": [4, 12, 5, 13], "texture": "#texture"},
				"south": {"uv": [3, 12, 5, 13], "texture": "#texture"},
				"west": {"uv": [3, 12, 4, 13], "texture": "#texture"},
				"up": {"uv": [3, 11, 4, 12], "texture": "#texture"},
				"down": {"uv": [2, 7, 3, 8], "texture": "#texture"}
			}
		},
		{
			"from": [2, 4, 7],
			"to": [5, 5, 8],
			"rotation": {"angle": 0, "axis": "y", "origin": [8, 9, 8]},
			"faces": {
				"north": {"uv": [11, 11, 14, 12], "texture": "#texture"},
				"east": {"uv": [11, 11, 14, 12], "texture": "#texture"},
				"south": {"uv": [11, 11, 14, 12], "texture": "#texture"},
				"west": {"uv": [13, 11, 14, 12], "texture": "#texture"},
				"up": {"uv": [11, 11, 14, 12], "texture": "#texture"},
				"down": {"uv": [11, 11, 14, 12], "texture": "#texture"}
			}
		},
		{
			"from": [11, 4, 7],
			"to": [14, 5, 8],
			"rotation": {"angle": 0, "axis": "y", "origin": [17, 9, 8]},
			"faces": {
				"north": {"uv": [2, 11, 5, 12], "texture": "#texture"},
				"east": {"uv": [2, 11, 3, 12], "texture": "#texture"},
				"south": {"uv": [2, 11, 5, 12], "texture": "#texture"},
				"west": {"uv": [2, 11, 5, 12], "texture": "#texture"},
				"up": {"uv": [2, 11, 5, 12], "texture": "#texture"},
				"down": {"uv": [2, 11, 5, 12], "texture": "#texture"}
			}
		},
		{
			"from": [4, 2, 7],
			"to": [5, 3, 8],
			"faces": {
				"north": {"uv": [11, 13, 12, 14], "texture": "#texture"},
				"east": {"uv": [11, 13, 12, 14], "texture": "#texture"},
				"south": {"uv": [11, 13, 12, 14], "texture": "#texture"},
				"west": {"uv": [11, 13, 12, 14], "texture": "#texture"},
				"up": {"uv": [11, 13, 12, 14], "texture": "#texture"},
				"down": {"uv": [11, 13, 12, 14], "texture": "#texture"}
			}
		},
		{
			"from": [6, 0, 7],
			"to": [10, 1, 8],
			"faces": {
				"north": {"uv": [6, 15, 10, 16], "texture": "#texture"},
				"east": {"uv": [6, 15, 10, 16], "texture": "#texture"},
				"south": {"uv": [6, 15, 10, 16], "texture": "#texture"},
				"west": {"uv": [6, 15, 10, 16], "texture": "#texture"},
				"up": {"uv": [6, 15, 10, 16], "texture": "#texture"},
				"down": {"uv": [6, 15, 10, 16], "texture": "#texture"}
			}
		},
		{
			"from": [11, 2, 7],
			"to": [12, 3, 8],
			"faces": {
				"north": {"uv": [4, 13, 5, 14], "texture": "#texture"},
				"east": {"uv": [4, 13, 5, 14], "texture": "#texture"},
				"south": {"uv": [4, 13, 5, 14], "texture": "#texture"},
				"west": {"uv": [4, 13, 5, 14], "texture": "#texture"},
				"up": {"uv": [4, 13, 5, 14], "texture": "#texture"},
				"down": {"uv": [4, 13, 5, 14], "texture": "#texture"}
			}
		},
		{
			"from": [11, 3, 7],
			"to": [13, 4, 8],
			"faces": {
				"north": {"uv": [3, 12, 5, 13], "texture": "#texture"},
				"east": {"uv": [3, 12, 4, 13], "texture": "#texture"},
				"south": {"uv": [11, 12, 13, 13], "texture": "#texture"},
				"west": {"uv": [11, 12, 12, 13], "texture": "#texture"},
				"up": {"uv": [12, 11, 13, 12], "texture": "#texture"},
				"down": {"uv": [13, 7, 14, 8], "texture": "#texture"}
			}
		},
		{
			"from": [11, 5, 7],
			"to": [14, 8, 8],
			"rotation": {"angle": 0, "axis": "y", "origin": [9, 8, 8]},
			"faces": {
				"north": {"uv": [2, 8, 5, 11], "texture": "#texture"},
				"east": {"uv": [2, 8, 3, 11], "texture": "#texture"},
				"south": {"uv": [11, 8, 14, 11], "texture": "#texture"},
				"west": {"uv": [2, 8, 5, 11], "texture": "#texture"},
				"up": {"uv": [2, 8, 5, 11], "texture": "#texture"},
				"down": {"uv": [2, 8, 5, 11], "texture": "#texture"}
			}
		},
		{
			"from": [14, 6, 7],
			"to": [15, 12, 8],
			"rotation": {"angle": 0, "axis": "y", "origin": [8, 7, 8]},
			"faces": {
				"north": {"uv": [1, 4, 2, 10], "texture": "#texture"},
				"east": {"uv": [1, 4, 2, 10], "texture": "#texture"},
				"south": {"uv": [1, 4, 2, 10], "texture": "#texture"},
				"west": {"uv": [1, 4, 2, 10], "texture": "#texture"},
				"up": {"uv": [1, 4, 2, 5], "texture": "#texture"},
				"down": {"uv": [1, 4, 2, 10], "texture": "#texture"}
			}
		},
		{
			"from": [4, 14, 6.5],
			"to": [7, 15, 7.5],
			"rotation": {"angle": 0, "axis": "y", "origin": [10, 8, 7.5]},
			"faces": {
				"north": {"uv": [9, 1, 12, 2], "texture": "#texture"},
				"east": {"uv": [9, 1, 10, 2], "texture": "#texture"},
				"south": {"uv": [4, 1, 7, 2], "texture": "#texture"},
				"west": {"uv": [11, 1, 12, 2], "texture": "#texture"},
				"up": {"uv": [4, 1, 7, 2], "texture": "#texture"},
				"down": {"uv": [9, 1, 12, 2], "texture": "#texture"}
			}
		},
		{
			"from": [9, 14, 6.5],
			"to": [12, 15, 7.5],
			"rotation": {"angle": 0, "axis": "y", "origin": [6, 8, 7.5]},
			"faces": {
				"north": {"uv": [4, 1, 7, 2], "texture": "#texture"},
				"east": {"uv": [4, 1, 5, 2], "texture": "#texture"},
				"south": {"uv": [9, 1, 12, 2], "texture": "#texture"},
				"west": {"uv": [6, 1, 7, 2], "texture": "#texture"},
				"up": {"uv": [9, 1, 12, 2], "texture": "#texture"},
				"down": {"uv": [4, 1, 7, 2], "texture": "#texture"}
			}
		},
		{
			"from": [5, 15, 6.5],
			"to": [6, 16, 7.5],
			"rotation": {"angle": 0, "axis": "y", "origin": [8, 8, 7.5]},
			"faces": {
				"north": {"uv": [10, 0, 11, 1], "texture": "#texture"},
				"east": {"uv": [10, 0, 11, 1], "texture": "#texture"},
				"south": {"uv": [10, 0, 11, 1], "texture": "#texture"},
				"west": {"uv": [10, 0, 11, 1], "texture": "#texture"},
				"up": {"uv": [10, 0, 11, 1], "texture": "#texture"},
				"down": {"uv": [10, 0, 11, 1], "texture": "#texture"}
			}
		},
		{
			"from": [10, 15, 6.5],
			"to": [11, 16, 7.5],
			"rotation": {"angle": 0, "axis": "y", "origin": [13, 8, 7.5]},
			"faces": {
				"north": {"uv": [5, 0, 6, 1], "texture": "#texture"},
				"east": {"uv": [5, 0, 6, 1], "texture": "#texture"},
				"south": {"uv": [5, 0, 6, 1], "texture": "#texture"},
				"west": {"uv": [5, 0, 6, 1], "texture": "#texture"},
				"up": {"uv": [5, 0, 6, 1], "texture": "#texture"},
				"down": {"uv": [5, 0, 6, 1], "texture": "#texture"}
			}
		},
		{
			"from": [7.5, 10, 7],
			"to": [8.5, 11, 13],
			"faces": {
				"north": {"uv": [0, 15, 1, 16], "texture": "#texture"},
				"east": {"uv": [0, 15, 1, 16], "texture": "#texture"},
				"south": {"uv": [0, 15, 1, 16], "texture": "#texture"},
				"west": {"uv": [0, 15, 1, 16], "texture": "#texture"},
				"up": {"uv": [0, 15, 1, 16], "texture": "#texture"},
				"down": {"uv": [0, 15, 1, 16], "texture": "#texture"}
			}
		},
		{
			"from": [7.5, 6, 12],
			"to": [8.5, 10, 13],
			"faces": {
				"north": {"uv": [0, 15, 1, 16], "rotation": 90, "texture": "#texture"},
				"east": {"uv": [0, 15, 1, 16], "rotation": 90, "texture": "#texture"},
				"south": {"uv": [0, 15, 1, 16], "rotation": 90, "texture": "#texture"},
				"west": {"uv": [0, 15, 1, 16], "rotation": 90, "texture": "#texture"},
				"up": {"uv": [0, 15, 1, 16], "rotation": 90, "texture": "#texture"},
				"down": {"uv": [0, 15, 1, 16], "rotation": 90, "texture": "#texture"}
			}
		},
		{
			"from": [7.5, 5, 7],
			"to": [8.5, 6, 13],
			"faces": {
				"north": {"uv": [0, 15, 1, 16], "texture": "#texture"},
				"east": {"uv": [0, 15, 1, 16], "texture": "#texture"},
				"south": {"uv": [0, 15, 1, 16], "texture": "#texture"},
				"west": {"uv": [0, 15, 1, 16], "texture": "#texture"},
				"up": {"uv": [0, 15, 1, 16], "texture": "#texture"},
				"down": {"uv": [0, 15, 1, 16], "texture": "#texture"}
			}
		},
		{
			"name": "1",
			"from": [5, 5, 6.5],
			"to": [11, 6, 7.5],
			"faces": {
				"north": {"uv": [5, 10, 11, 11], "texture": "#texture"},
				"east": {"uv": [4, 10, 5, 11], "texture": "#texture"},
				"south": {"uv": [5, 10, 11, 11], "texture": "#texture"},
				"west": {"uv": [11, 10, 12, 11], "texture": "#texture"},
				"up": {"uv": [5, 10, 11, 11], "texture": "#texture"},
				"down": {"uv": [5, 10, 11, 11], "texture": "#texture"}
			}
		},
		{
			"name": "2",
			"from": [4, 6, 6.5],
			"to": [12, 7, 7.5],
			"rotation": {"angle": 0, "axis": "y", "origin": [8, 9, 8]},
			"faces": {
				"north": {"uv": [4, 9, 12, 10], "texture": "#texture"},
				"east": {"uv": [4, 9, 5, 10], "texture": "#texture"},
				"south": {"uv": [4, 9, 12, 10], "texture": "#texture"},
				"west": {"uv": [11, 9, 12, 10], "texture": "#texture"},
				"up": {"uv": [4, 9, 12, 10], "texture": "#texture"},
				"down": {"uv": [4, 9, 12, 10], "texture": "#texture"}
			}
		},
		{
			"name": "3",
			"from": [3, 7, 6.5],
			"to": [13, 8, 7.5],
			"rotation": {"angle": 0, "axis": "y", "origin": [8, 10, 8]},
			"faces": {
				"north": {"uv": [3, 8, 13, 9], "texture": "#texture"},
				"east": {"uv": [3, 8, 4, 9], "texture": "#texture"},
				"south": {"uv": [3, 8, 13, 9], "texture": "#texture"},
				"west": {"uv": [12, 8, 13, 9], "texture": "#texture"},
				"up": {"uv": [3, 8, 13, 9], "texture": "#texture"},
				"down": {"uv": [3, 8, 13, 9], "texture": "#texture"}
			}
		},
		{
			"name": "4",
			"from": [2, 8, 6.5],
			"to": [14, 9, 7.5],
			"rotation": {"angle": 0, "axis": "y", "origin": [8, 11, 8]},
			"faces": {
				"north": {"uv": [2, 7, 14, 8], "texture": "#texture"},
				"east": {"uv": [2, 7, 3, 8], "texture": "#texture"},
				"south": {"uv": [2, 7, 14, 8], "texture": "#texture"},
				"west": {"uv": [13, 7, 14, 8], "texture": "#texture"},
				"up": {"uv": [2, 7, 14, 8], "texture": "#texture"},
				"down": {"uv": [2, 7, 14, 8], "texture": "#texture"}
			}
		},
		{
			"name": "2",
			"from": [5, 3, 6.5],
			"to": [11, 5, 7.5],
			"faces": {
				"north": {"uv": [5, 11, 11, 13], "texture": "#texture"},
				"east": {"uv": [5, 11, 6, 13], "texture": "#texture"},
				"south": {"uv": [5, 11, 11, 13], "texture": "#texture"},
				"west": {"uv": [10, 11, 11, 13], "texture": "#texture"},
				"up": {"uv": [5, 11, 11, 13], "texture": "#texture"},
				"down": {"uv": [5, 11, 11, 13], "texture": "#texture"}
			}
		},
		{
			"name": "3",
			"from": [5, 2, 6.5],
			"to": [11, 3, 7.5],
			"faces": {
				"north": {"uv": [5, 13, 11, 14], "texture": "#texture"},
				"east": {"uv": [5, 13, 6, 14], "texture": "#texture"},
				"south": {"uv": [5, 13, 11, 14], "texture": "#texture"},
				"west": {"uv": [10, 13, 11, 14], "texture": "#texture"},
				"up": {"uv": [5, 13, 11, 14], "texture": "#texture"},
				"down": {"uv": [5, 13, 11, 14], "texture": "#texture"}
			}
		},
		{
			"name": "4",
			"from": [9, 13, 6.5],
			"to": [13, 14, 7.5],
			"rotation": {"angle": 0, "axis": "y", "origin": [10, 7, 8]},
			"faces": {
				"north": {"uv": [3, 2, 7, 3], "texture": "#texture"},
				"east": {"uv": [3, 2, 4, 3], "texture": "#texture"},
				"south": {"uv": [9, 2, 13, 3], "texture": "#texture"},
				"west": {"uv": [6, 2, 7, 3], "texture": "#texture"},
				"up": {"uv": [3, 2, 7, 3], "texture": "#texture"},
				"down": {"uv": [3, 2, 7, 3], "texture": "#texture"}
			}
		},
		{
			"name": "5",
			"from": [3, 13, 6.5],
			"to": [7, 14, 7.5],
			"rotation": {"angle": 0, "axis": "y", "origin": [4, 7, 8]},
			"faces": {
				"north": {"uv": [9, 2, 13, 3], "texture": "#texture"},
				"east": {"uv": [9, 2, 10, 3], "texture": "#texture"},
				"south": {"uv": [3, 2, 7, 3], "texture": "#texture"},
				"west": {"uv": [12, 2, 13, 3], "texture": "#texture"},
				"up": {"uv": [9, 2, 13, 3], "texture": "#texture"},
				"down": {"uv": [9, 2, 13, 3], "texture": "#texture"}
			}
		},
		{
			"name": "5",
			"from": [5, 1, 6.5],
			"to": [11, 2, 7.5],
			"faces": {
				"north": {"uv": [5, 14, 11, 15], "texture": "#texture"},
				"east": {"uv": [5, 14, 6, 15], "texture": "#texture"},
				"south": {"uv": [5, 14, 11, 15], "texture": "#texture"},
				"west": {"uv": [10, 14, 11, 15], "texture": "#texture"},
				"up": {"uv": [5, 14, 11, 15], "texture": "#texture"},
				"down": {"uv": [5, 14, 11, 15], "texture": "#texture"}
			}
		},
		{
			"name": "2",
			"from": [2, 9, 6.5],
			"to": [14, 13, 7.5],
			"faces": {
				"north": {"uv": [2, 3, 14, 7], "texture": "#texture"},
				"east": {"uv": [2, 3, 3, 7], "texture": "#texture"},
				"south": {"uv": [2, 3, 14, 7], "texture": "#texture"},
				"west": {"uv": [13, 3, 14, 7], "texture": "#texture"},
				"up": {"uv": [2, 3, 14, 4], "texture": "#texture"},
				"down": {"uv": [2, 3, 14, 7], "texture": "#texture"}
			}
		},
		{
			"from": [6.5, 10, 7],
			"to": [9.5, 11, 8],
			"faces": {
				"north": {"uv": [6, 0, 9, 1], "texture": "#texture"},
				"east": {"uv": [1, 1, 2, 2], "texture": "#texture"},
				"south": {"uv": [6, 0, 9, 1], "texture": "#texture"},
				"west": {"uv": [1, 1, 2, 2], "texture": "#texture"},
				"up": {"uv": [8, 0, 11, 1], "texture": "#texture"},
				"down": {"uv": [8, 0, 11, 1], "texture": "#texture"}
			}
		},
		{
			"from": [6.5, 5, 7],
			"to": [9.5, 6, 8],
			"faces": {
				"north": {"uv": [8, 0, 11, 1], "texture": "#texture"},
				"east": {"uv": [3, 12, 4, 13], "texture": "#texture"},
				"south": {"uv": [8, 0, 11, 1], "texture": "#texture"},
				"west": {"uv": [3, 12, 4, 13], "texture": "#texture"},
				"up": {"uv": [8, 1, 5, 0], "texture": "#texture"},
				"down": {"uv": [8, 1, 5, 0], "texture": "#texture"}
			}
		},
		{
			"from": [11.5, 10, 7],
			"to": [12, 10.5, 11],
			"faces": {
				"north": {"uv": [0, 15, 1, 16], "texture": "#texture"},
				"east": {"uv": [0, 15, 1, 16], "texture": "#texture"},
				"south": {"uv": [0, 15, 1, 16], "texture": "#texture"},
				"west": {"uv": [0, 15, 1, 16], "texture": "#texture"},
				"up": {"uv": [0, 15, 1, 16], "texture": "#texture"},
				"down": {"uv": [0, 15, 1, 16], "texture": "#texture"}
			}
		},
		{
			"from": [11.5, 5.5, 8],
			"to": [12, 6, 11],
			"faces": {
				"north": {"uv": [0, 15, 1, 16], "texture": "#texture"},
				"east": {"uv": [0, 15, 1, 16], "texture": "#texture"},
				"south": {"uv": [0, 15, 1, 16], "texture": "#texture"},
				"west": {"uv": [0, 15, 1, 16], "texture": "#texture"},
				"up": {"uv": [0, 15, 1, 16], "texture": "#texture"},
				"down": {"uv": [0, 15, 1, 16], "texture": "#texture"}
			}
		},
		{
			"from": [11.5, 6, 10.5],
			"to": [12, 10, 11],
			"faces": {
				"north": {"uv": [0, 15, 1, 16], "texture": "#texture"},
				"east": {"uv": [0, 15, 1, 16], "texture": "#texture"},
				"south": {"uv": [0, 15, 1, 16], "texture": "#texture"},
				"west": {"uv": [0, 15, 1, 16], "texture": "#texture"},
				"up": {"uv": [0, 15, 1, 16], "texture": "#texture"},
				"down": {"uv": [0, 15, 1, 16], "texture": "#texture"}
			}
		}
	],
	"overrides": [
		{
			"predicate": {
				"lefthanded": 1
			},
			"model": "item/shield_lh"
		},
		{
			"predicate": {
				"blocking": 1
			},
			"model": "item/shield_blocking"
		}
	],
	"display": {
		"thirdperson_righthand": {
			"rotation": [0, -90, 0],
			"translation": [2.3, -2, 5]
		},
		"thirdperson_lefthand": {
			"rotation": [0, -90, 0],
			"translation": [2.3, -2, 5]
		},
		"firstperson_righthand": {
			"rotation": [0, -75, 15],
			"translation": [4, -3, 0]
		},
		"firstperson_lefthand": {
			"rotation": [0, -75, 15],
			"translation": [4, -3, 0]
		},
		"ground": {
			"translation": [0, 2, 0],
			"scale": [0.5, 0.5, 0.5]
		},
		"gui": {
			"rotation": [0, 180, 0]
		},
		"head": {
			"translation": [0, 0, -7.56]
		},
		"fixed": {
			"translation": [0, 0, -0.38],
			"scale": [2, 2, 2]
		}
	}
}