{
	"credit": "Made with Blockbench",
	"textures": {
		"particle": "item/netherite_shield",
		"texture": "item/netherite_shield"
	},
	"gui_light": "front",
	"elements": [
		{
			"from": [1, 9, 7],
			"to": [2, 15, 8],
			"faces": {
				"north": {"uv": [14, 1, 15, 7], "texture": "#texture"},
				"east": {"uv": [1, 1, 2, 7], "texture": "#texture"},
				"south": {"uv": [1, 1, 2, 7], "texture": "#texture"},
				"west": {"uv": [1, 1, 2, 7], "texture": "#texture"},
				"up": {"uv": [1, 1, 2, 2], "texture": "#texture"},
				"down": {"uv": [15, 7, 14, 6], "texture": "#texture"}
			}
		},
		{
			"from": [2, 5, 7],
			"to": [3, 9, 8],
			"faces": {
				"north": {"uv": [13, 7, 14, 11], "texture": "#texture"},
				"east": {"uv": [2, 7, 3, 11], "texture": "#texture"},
				"south": {"uv": [2, 7, 3, 11], "texture": "#texture"},
				"west": {"uv": [2, 7, 3, 11], "texture": "#texture"},
				"up": {"uv": [2, 7, 3, 8], "texture": "#texture"},
				"down": {"uv": [14, 8, 13, 7], "texture": "#texture"}
			}
		},
		{
			"from": [3, 3, 7],
			"to": [4, 5, 8],
			"faces": {
				"north": {"uv": [12, 11, 13, 13], "texture": "#texture"},
				"east": {"uv": [3, 11, 4, 13], "texture": "#texture"},
				"south": {"uv": [3, 11, 4, 13], "texture": "#texture"},
				"west": {"uv": [3, 11, 4, 13], "texture": "#texture"},
				"up": {"uv": [3, 11, 4, 12], "texture": "#texture"},
				"down": {"uv": [2, 7, 3, 8], "texture": "#texture"}
			}
		},
		{
			"from": [4, 2, 7],
			"to": [6, 3, 8],
			"faces": {
				"north": {"uv": [10, 13, 12, 14], "texture": "#texture"},
				"east": {"uv": [5, 13, 6, 14], "texture": "#texture"},
				"south": {"uv": [4, 13, 6, 14], "texture": "#texture"},
				"west": {"uv": [4, 13, 5, 14], "texture": "#texture"},
				"up": {"uv": [4, 13, 6, 14], "texture": "#texture"},
				"down": {"uv": [4, 13, 6, 14], "texture": "#texture"}
			}
		},
		{
			"from": [6, 1, 7],
			"to": [7, 2, 8],
			"faces": {
				"north": {"uv": [9, 14, 10, 15], "texture": "#texture"},
				"east": {"uv": [6, 14, 7, 15], "texture": "#texture"},
				"south": {"uv": [6, 14, 7, 15], "texture": "#texture"},
				"west": {"uv": [6, 14, 7, 15], "texture": "#texture"},
				"up": {"uv": [6, 14, 7, 15], "texture": "#texture"},
				"down": {"uv": [2, 7, 3, 8], "texture": "#texture"}
			}
		},
		{
			"from": [7, 0, 7],
			"to": [9, 1, 8],
			"faces": {
				"north": {"uv": [7, 15, 9, 16], "texture": "#texture"},
				"east": {"uv": [8, 15, 9, 16], "texture": "#texture"},
				"south": {"uv": [7, 15, 9, 16], "texture": "#texture"},
				"west": {"uv": [7, 15, 8, 16], "texture": "#texture"},
				"up": {"uv": [7, 15, 9, 16], "texture": "#texture"},
				"down": {"uv": [7, 15, 9, 16], "texture": "#texture", "cullface": "down"}
			}
		},
		{
			"from": [9, 1, 7],
			"to": [10, 2, 8],
			"faces": {
				"north": {"uv": [6, 14, 7, 15], "texture": "#texture"},
				"east": {"uv": [6, 14, 7, 15], "texture": "#texture"},
				"south": {"uv": [9, 14, 10, 15], "texture": "#texture"},
				"west": {"uv": [6, 14, 7, 15], "texture": "#texture"},
				"up": {"uv": [9, 14, 10, 15], "texture": "#texture"},
				"down": {"uv": [9, 14, 10, 15], "texture": "#texture"}
			}
		},
		{
			"from": [10, 2, 7],
			"to": [12, 3, 8],
			"faces": {
				"north": {"uv": [4, 13, 6, 14], "texture": "#texture"},
				"east": {"uv": [5, 13, 6, 14], "texture": "#texture"},
				"south": {"uv": [10, 13, 12, 14], "texture": "#texture"},
				"west": {"uv": [5, 13, 6, 14], "texture": "#texture"},
				"up": {"uv": [10, 13, 12, 14], "texture": "#texture"},
				"down": {"uv": [10, 13, 12, 14], "texture": "#texture"}
			}
		},
		{
			"from": [12, 3, 7],
			"to": [13, 5, 8],
			"faces": {
				"north": {"uv": [3, 11, 4, 13], "texture": "#texture"},
				"east": {"uv": [3, 11, 4, 13], "texture": "#texture"},
				"south": {"uv": [12, 11, 13, 13], "texture": "#texture"},
				"west": {"uv": [3, 11, 4, 13], "texture": "#texture"},
				"up": {"uv": [12, 11, 13, 12], "texture": "#texture"},
				"down": {"uv": [13, 7, 14, 8], "texture": "#texture"}
			}
		},
		{
			"from": [13, 5, 7],
			"to": [14, 9, 8],
			"faces": {
				"north": {"uv": [2, 7, 3, 11], "texture": "#texture"},
				"east": {"uv": [2, 7, 3, 11], "texture": "#texture"},
				"south": {"uv": [13, 7, 14, 11], "texture": "#texture"},
				"west": {"uv": [2, 7, 3, 11], "texture": "#texture"},
				"up": {"uv": [13, 7, 14, 8], "texture": "#texture"},
				"down": {"uv": [3, 8, 2, 7], "texture": "#texture"}
			}
		},
		{
			"from": [14, 9, 7],
			"to": [15, 15, 8],
			"faces": {
				"north": {"uv": [1, 1, 2, 7], "texture": "#texture"},
				"east": {"uv": [1, 1, 2, 7], "texture": "#texture"},
				"south": {"uv": [14, 1, 15, 7], "texture": "#texture"},
				"west": {"uv": [1, 1, 2, 7], "texture": "#texture"},
				"up": {"uv": [14, 6, 15, 7], "texture": "#texture"},
				"down": {"uv": [14, 6, 15, 7], "texture": "#texture"}
			}
		},
		{
			"from": [2, 14, 7],
			"to": [5, 15, 8],
			"faces": {
				"north": {"uv": [2, 1, 5, 2], "texture": "#texture"},
				"east": {"uv": [2, 1, 5, 2], "texture": "#texture"},
				"south": {"uv": [2, 1, 5, 2], "texture": "#texture"},
				"west": {"uv": [2, 1, 5, 2], "texture": "#texture"},
				"up": {"uv": [2, 1, 5, 2], "texture": "#texture"},
				"down": {"uv": [2, 1, 5, 2], "texture": "#texture"}
			}
		},
		{
			"from": [11, 14, 7],
			"to": [14, 15, 8],
			"faces": {
				"north": {"uv": [11, 1, 14, 2], "texture": "#texture"},
				"east": {"uv": [11, 1, 14, 2], "texture": "#texture"},
				"south": {"uv": [11, 1, 14, 2], "texture": "#texture"},
				"west": {"uv": [11, 1, 14, 2], "texture": "#texture"},
				"up": {"uv": [11, 1, 14, 2], "texture": "#texture"},
				"down": {"uv": [11, 1, 14, 2], "texture": "#texture"}
			}
		},
		{
			"from": [5, 15, 7],
			"to": [11, 16, 8],
			"faces": {
				"north": {"uv": [5, 0, 11, 1], "texture": "#texture"},
				"east": {"uv": [8, 0, 9, 1], "texture": "#texture"},
				"south": {"uv": [5, 0, 11, 1], "texture": "#texture"},
				"west": {"uv": [7, 0, 8, 1], "texture": "#texture"},
				"up": {"uv": [11, 1, 5, 0], "texture": "#texture", "cullface": "up"},
				"down": {"uv": [11, 1, 5, 0], "texture": "#texture"}
			}
		},
		{
			"from": [7.5, 10, 8],
			"to": [8.5, 11, 13],
			"faces": {
				"north": {"uv": [0, 15, 1, 16], "texture": "#texture"},
				"east": {"uv": [0, 15, 1, 16], "texture": "#texture"},
				"south": {"uv": [0, 15, 1, 16], "texture": "#texture"},
				"west": {"uv": [0, 15, 1, 16], "texture": "#texture"},
				"up": {"uv": [0, 15, 1, 16], "texture": "#texture"},
				"down": {"uv": [0, 15, 1, 16], "texture": "#texture"}
			}
		},
		{
			"from": [7.5, 6, 12],
			"to": [8.5, 10, 13],
			"faces": {
				"north": {"uv": [0, 15, 1, 16], "texture": "#texture"},
				"east": {"uv": [0, 15, 1, 16], "texture": "#texture"},
				"south": {"uv": [0, 15, 1, 16], "texture": "#texture"},
				"west": {"uv": [0, 15, 1, 16], "texture": "#texture"},
				"up": {"uv": [0, 15, 1, 16], "texture": "#texture"},
				"down": {"uv": [0, 15, 1, 16], "texture": "#texture"}
			}
		},
		{
			"from": [7.5, 5, 8],
			"to": [8.5, 6, 13],
			"faces": {
				"north": {"uv": [0, 15, 1, 16], "texture": "#texture"},
				"east": {"uv": [0, 15, 1, 16], "texture": "#texture"},
				"south": {"uv": [0, 15, 1, 16], "texture": "#texture"},
				"west": {"uv": [0, 15, 1, 16], "texture": "#texture"},
				"up": {"uv": [0, 15, 1, 16], "texture": "#texture"},
				"down": {"uv": [0, 15, 1, 16], "texture": "#texture"}
			}
		},
		{
			"name": "1",
			"from": [3, 5, 6.5],
			"to": [13, 9, 7.5],
			"faces": {
				"north": {"uv": [3, 7, 13, 11], "texture": "#texture"},
				"east": {"uv": [3, 7, 4, 11], "texture": "#texture"},
				"south": {"uv": [3, 7, 13, 11], "texture": "#texture"},
				"west": {"uv": [12, 7, 13, 11], "texture": "#texture"},
				"up": {"uv": [3, 2, 4, 3], "texture": "#texture"},
				"down": {"uv": [3, 2, 4, 3], "texture": "#texture"}
			}
		},
		{
			"name": "2",
			"from": [4, 3, 6.5],
			"to": [12, 5, 7.5],
			"faces": {
				"north": {"uv": [4, 11, 12, 13], "texture": "#texture"},
				"east": {"uv": [4, 11, 5, 13], "texture": "#texture"},
				"south": {"uv": [4, 11, 12, 13], "texture": "#texture"},
				"west": {"uv": [11, 11, 12, 13], "texture": "#texture"},
				"up": {"uv": [3, 2, 4, 3], "texture": "#texture"},
				"down": {"uv": [3, 2, 4, 3], "texture": "#texture"}
			}
		},
		{
			"name": "3",
			"from": [6, 2, 6.5],
			"to": [10, 3, 7.5],
			"faces": {
				"north": {"uv": [6, 13, 10, 14], "texture": "#texture"},
				"east": {"uv": [6, 13, 7, 14], "texture": "#texture"},
				"south": {"uv": [5, 13, 11, 14], "texture": "#texture"},
				"west": {"uv": [9, 13, 10, 14], "texture": "#texture"},
				"up": {"uv": [3, 2, 4, 3], "texture": "#texture"},
				"down": {"uv": [3, 2, 4, 3], "texture": "#texture"}
			}
		},
		{
			"name": "4",
			"from": [5, 14, 6.5],
			"to": [11, 15, 7.5],
			"faces": {
				"north": {"uv": [5, 1, 11, 2], "texture": "#texture"},
				"east": {"uv": [3, 2, 4, 3], "texture": "#texture"},
				"south": {"uv": [5, 1, 11, 2], "texture": "#texture"},
				"west": {"uv": [3, 2, 4, 3], "texture": "#texture"},
				"up": {"uv": [5, 1, 11, 2], "texture": "#texture"},
				"down": {"uv": [3, 2, 4, 3], "texture": "#texture"}
			}
		},
		{
			"name": "5",
			"from": [7, 1, 6.5],
			"to": [9, 2, 7.5],
			"faces": {
				"north": {"uv": [7, 14, 9, 15], "texture": "#texture"},
				"east": {"uv": [7, 14, 8, 15], "texture": "#texture"},
				"south": {"uv": [7, 14, 9, 15], "texture": "#texture"},
				"west": {"uv": [8, 14, 9, 15], "texture": "#texture"},
				"up": {"uv": [3, 2, 4, 3], "texture": "#texture"},
				"down": {"uv": [3, 2, 4, 3], "texture": "#texture"}
			}
		},
		{
			"name": "2",
			"from": [2, 9, 6.5],
			"to": [14, 14, 7.5],
			"faces": {
				"north": {"uv": [2, 2, 14, 7], "texture": "#texture"},
				"east": {"uv": [2, 2, 3, 7], "texture": "#texture"},
				"south": {"uv": [2, 2, 14, 7], "texture": "#texture"},
				"west": {"uv": [13, 2, 14, 7], "texture": "#texture"},
				"up": {"uv": [2, 2, 14, 3], "texture": "#texture"},
				"down": {"uv": [3, 2, 4, 3], "texture": "#texture"}
			}
		},
		{
			"from": [6.5, 10, 7],
			"to": [9.5, 11, 8],
			"faces": {
				"north": {"uv": [0, 14, 1, 15], "texture": "#texture"},
				"east": {"uv": [0, 14, 1, 15], "texture": "#texture"},
				"south": {"uv": [0, 14, 1, 15], "texture": "#texture"},
				"west": {"uv": [0, 14, 1, 15], "texture": "#texture"},
				"up": {"uv": [0, 14, 1, 15], "texture": "#texture"},
				"down": {"uv": [0, 14, 1, 15], "texture": "#texture"}
			}
		},
		{
			"from": [6.5, 5, 7],
			"to": [9.5, 6, 8],
			"faces": {
				"north": {"uv": [0, 14, 1, 15], "texture": "#texture"},
				"east": {"uv": [0, 14, 1, 15], "texture": "#texture"},
				"south": {"uv": [0, 14, 1, 15], "texture": "#texture"},
				"west": {"uv": [0, 14, 1, 15], "texture": "#texture"},
				"up": {"uv": [0, 14, 1, 15], "texture": "#texture"},
				"down": {"uv": [0, 14, 1, 15], "texture": "#texture"}
			}
		},
		{
			"from": [11.5, 10, 7],
			"to": [12, 10.5, 11],
			"faces": {
				"north": {"uv": [0, 15, 1, 15.5], "texture": "#texture"},
				"east": {"uv": [0, 15, 1, 15.5], "texture": "#texture"},
				"south": {"uv": [0, 15, 1, 15.5], "texture": "#texture"},
				"west": {"uv": [0, 15, 1, 15.5], "texture": "#texture"},
				"up": {"uv": [0, 15, 1, 15.5], "texture": "#texture"},
				"down": {"uv": [0, 15, 1, 15.5], "texture": "#texture"}
			}
		},
		{
			"from": [11.5, 5.5, 7],
			"to": [12, 6, 11],
			"faces": {
				"north": {"uv": [0, 15, 1, 15.5], "texture": "#texture"},
				"east": {"uv": [0, 15, 1, 15.5], "texture": "#texture"},
				"south": {"uv": [0, 15, 1, 15.5], "texture": "#texture"},
				"west": {"uv": [0, 15, 1, 15.5], "texture": "#texture"},
				"up": {"uv": [0, 15, 1, 15.5], "texture": "#texture"},
				"down": {"uv": [0, 15, 1, 15.5], "texture": "#texture"}
			}
		},
		{
			"from": [11.5, 6, 10.5],
			"to": [12, 10, 11],
			"faces": {
				"north": {"uv": [0, 15, 0.5, 16], "texture": "#texture"},
				"east": {"uv": [0, 15, 0.5, 16], "texture": "#texture"},
				"south": {"uv": [0, 15, 0.5, 16], "texture": "#texture"},
				"west": {"uv": [0, 15, 0.5, 16], "texture": "#texture"},
				"up": {"uv": [0, 15, 0.5, 16], "texture": "#texture"},
				"down": {"uv": [0, 15, 0.5, 16], "texture": "#texture"}
			}
		}
	],
	"overrides": [
		{
			"predicate": {
				"lefthanded": 1
			},
			"model": "item/shield_lh"
		},
		{
			"predicate": {
				"blocking": 1
			},
			"model": "item/shield_blocking"
		}
	],
	"display": {
		"thirdperson_righthand": {
			"rotation": [0, -90, 0],
			"translation": [2.3, -2, 5]
		},
		"thirdperson_lefthand": {
			"rotation": [0, -90, 0],
			"translation": [2.3, -2, 5]
		},
		"firstperson_righthand": {
			"rotation": [0, -75, 15],
			"translation": [4, -3, 0]
		},
		"firstperson_lefthand": {
			"rotation": [0, -75, 15],
			"translation": [4, -3, 0]
		},
		"ground": {
			"translation": [0, 2, 0],
			"scale": [0.5, 0.5, 0.5]
		},
		"gui": {
			"rotation": [0, 180, 0]
		},
		"head": {
			"translation": [0, 0, -7.56]
		},
		"fixed": {
			"translation": [0, 0, -0.38],
			"scale": [2, 2, 2]
		}
	}
}