{
	"credit": "Made with Blockbench, by EnderIzzy124",
	"textures": {
		"0": "item/grappling_hook_texture",
		"particle": "item/grappling_hook_texture"
	},
	"elements": [
		{
			"name": "grappling_hook_1",
			"from": [8, 0, 3.5],
			"to": [8, 12, 12.5],
			"rotation": {"angle": 0, "axis": "y", "origin": [8, 0, 7]},
			"faces": {
				"east": {"uv": [0, 0, 9, 12], "texture": "#0"},
				"west": {"uv": [0, 0, 9, 12], "texture": "#0"}
			}
		},
		{
			"name": "grappling_hook_2",
			"from": [3.5, 0, 8],
			"to": [12.5, 12, 8],
			"rotation": {"angle": 0, "axis": "y", "origin": [7, 0, 8]},
			"faces": {
				"north": {"uv": [0, 0, 9, 12], "texture": "#0"},
				"south": {"uv": [0, 0, 9, 12], "texture": "#0"}
			}
		},
		{
			"name": "grip_1",
			"from": [8, 3, 7.5],
			"to": [8, 8, 8.5],
			"rotation": {"angle": 0, "axis": "y", "origin": [8, 5, 8]},
			"faces": {
				"east": {"uv": [12, 0, 13, 5], "texture": "#0", "tintindex": 0},
				"west": {"uv": [12, 0, 13, 5], "texture": "#0", "tintindex": 0}
			}
		},
		{
			"name": "grip_2",
			"from": [7.5, 3, 8],
			"to": [8.5, 8, 8],
			"rotation": {"angle": 0, "axis": "y", "origin": [8, 5, 8]},
			"faces": {
				"north": {"uv": [12, 0, 13, 5], "texture": "#0", "tintindex": 0},
				"south": {"uv": [12, 0, 13, 5], "texture": "#0", "tintindex": 0}
			}
		}
	],
	"gui_light": "front",
	"display": {
		"thirdperson_righthand": {
			"translation": [0, 0.5, 0]
		},
		"thirdperson_lefthand": {
			"translation": [0, 0.5, 0]
		},
		"firstperson_righthand": {
			"rotation": [45.61, 54.52, -39.74],
			"translation": [2.5, 5, 0]
		},
		"firstperson_lefthand": {
			"rotation": [45.61, 54.52, -39.74],
			"translation": [2.5, 5, 0]
		},
		"ground": {
			"rotation": [45, 0, 0],
			"translation": [0, 3, 1.5]
		},
		"gui": {
			"rotation": [0, 0, -45],
			"translation": [1.5, 1, 0],
			"scale": [1.25, 1.25, 1.25]
		},
		"head": {
			"translation": [0, 5, 0],
			"scale": [1.6, 1.6, 1.6]
		},
		"fixed": {
			"rotation": [-18, 0, 0],
			"translation": [0, 4.75, -5],
			"scale": [2, 2, 2]
		}
	},
	"groups": [
		{
			"name": "grappling_hook",
			"origin": [0, 0, 0],
			"color": 0,
			"nbt": "{}",
			"children": [0, 1, 2, 3]
		}
	]
}