{
	"credit": "Made with Blockbench, by EnderIzzy124",
	"textures": {
		"0": "item/large_spark_a",
		"1": "item/large_spark_b",
		"particle": "item/large_spark_a"
	},
	"elements": [
		{
			"name": "northsouth",
			"from": [0, 0, 8],
			"to": [16, 16, 8],
			"rotation": {"angle": 0, "axis": "y", "origin": [8, 8, 8]},
			"faces": {
				"north": {"uv": [0, 0, 16, 16], "texture": "#0", "tintindex": 0},
				"south": {"uv": [0, 0, 16, 16], "texture": "#0", "tintindex": 0}
			}
		},
		{
			"name": "updown",
			"from": [0, 8, 0],
			"to": [16, 8, 16],
			"rotation": {"angle": 0, "axis": "y", "origin": [8, 8, 8]},
			"faces": {
				"up": {"uv": [0, 0, 16, 16], "rotation": 270, "texture": "#0", "tintindex": 0},
				"down": {"uv": [0, 0, 16, 16], "rotation": 270, "texture": "#0", "tintindex": 0}
			}
		},
		{
			"name": "leftright",
			"from": [8, 0, 0],
			"to": [8, 16, 16],
			"rotation": {"angle": 0, "axis": "y", "origin": [8, 8, 8]},
			"faces": {
				"east": {"uv": [0, 0, 16, 16], "rotation": 90, "texture": "#1", "tintindex": 0},
				"west": {"uv": [0, 0, 16, 16], "rotation": 270, "texture": "#1", "tintindex": 0}
			}
		}
	],
	"gui_light": "front",
	"display": {
		"thirdperson_righthand": {
			"rotation": [75, 45, 0],
			"translation": [0, 2.5, 0],
			"scale": [0.375, 0.375, 0.375]
		},
		"thirdperson_lefthand": {
			"rotation": [75, 45, 0],
			"translation": [0, 2.5, 0],
			"scale": [0.375, 0.375, 0.375]
		},
		"firstperson_righthand": {
			"rotation": [0, 45, 0]
		},
		"firstperson_lefthand": {
			"rotation": [0, 225, 0],
			"scale": [0.4, 0.4, 0.4]
		},
		"ground": {
			"translation": [0, 3, 0],
			"scale": [0.5, 0.5, 0.5]
		},
		"gui": {
			"rotation": [30, 225, 0],
			"translation": [0.75, 0, 0],
			"scale": [0.935, 0.935, 0.935]
		},
		"head": {
			"translation": [0, 2.5, 0],
			"scale": [2, 2, 2]
		},
		"fixed": {
			"scale": [1.56, 1.56, 1.56]
		}
	},
	"groups": [
		{
			"name": "small_energy_ball",
			"origin": [8, 8, 8],
			"color": 0,
			"nbt": "{}",
			"children": [0, 1, 2]
		}
	]
}