{
    "parent": "item/handheld",
    "textures": {
        "layer0": "item/diamond_pickaxe"
    }

,

"overrides": [
    {"predicate": {"custom_model_data": 635},               "model": "item/mithril_pickaxe"},
    {"predicate": {"custom_model_data": 637},               "model": "item/diamond_pickaxe"},
	{"predicate": {"custom_model_data": 646},				"model": "item/jade_pickaxe"},
	{"predicate": {"custom_model_data": 647},				"model": "item/ruby_pickaxe"},
	{"predicate": {"custom_model_data": 649},				"model": "item/amethyst_pickaxe"}
    ]
}