{
	"credit": "Made with Blockbench, by EnderIzzy124",
	"texture_size": [32, 32],
	"textures": {
		"1": "item/arcane_hoverboard_texture",
		"2": "item/arcane_hoverboard_propeller_texture",
		"particle": "item/arcane_hoverboard_propeller_texture"
	},
	"elements": [
		{
			"name": "platform",
			"from": [4.5, 0.25, 5.5],
			"to": [11.5, 1.25, 10.5],
			"rotation": {"angle": 0, "axis": "y", "origin": [8, 0.75, 8]},
			"faces": {
				"east": {"uv": [4, 6, 4.5, 8.5], "rotation": 90, "texture": "#1"},
				"west": {"uv": [7, 6, 7.5, 8.5], "rotation": 90, "texture": "#1"},
				"up": {"uv": [7.5, 8.5, 4, 6], "texture": "#1"},
				"down": {"uv": [3.5, 8, 0, 10.5], "texture": "#1"}
			}
		},
		{
			"name": "platform inverted",
			"from": [11.5, 1.25, 10.5],
			"to": [4.5, 0.25, 5.5],
			"rotation": {"angle": 0, "axis": "y", "origin": [8, 0.75, 8]},
			"faces": {
				"east": {"uv": [7.5, 6, 7, 8.5], "rotation": 90, "texture": "#1"},
				"west": {"uv": [4.5, 6, 4, 8.5], "rotation": 90, "texture": "#1"},
				"up": {"uv": [0, 8, 3.5, 10.5], "texture": "#1"},
				"down": {"uv": [4, 8.5, 7.5, 6], "texture": "#1"}
			}
		},
		{
			"name": "interior_lights_2",
			"from": [4.501, 0.601, 5.501],
			"to": [11.499, 0.899, 10.499],
			"rotation": {"angle": 0, "axis": "y", "origin": [8, 0.65, 8]},
			"faces": {
				"up": {"uv": [6.5, 13.5, 10, 16], "texture": "#1", "tintindex": 0},
				"down": {"uv": [6.5, 13.5, 10, 16], "texture": "#1", "tintindex": 0}
			}
		},
		{
			"name": "left_tube",
			"from": [5.5, -1.25, 8],
			"to": [6.5, 0.75, 11],
			"rotation": {"angle": -22.5, "axis": "x", "origin": [5.5, -1.25, 8]},
			"faces": {
				"north": {"uv": [7, 13.5, 7.5, 14.5], "texture": "#1", "tintindex": 0},
				"east": {"uv": [15, 12, 13.5, 13], "texture": "#1", "tintindex": 0},
				"west": {"uv": [13.5, 12, 15, 13], "texture": "#1", "tintindex": 0},
				"down": {"uv": [7, 16, 7.5, 14.5], "texture": "#1", "tintindex": 0}
			}
		},
		{
			"name": "right_tube",
			"from": [9.5, -1.25, 8],
			"to": [10.5, 0.75, 11],
			"rotation": {"angle": -22.5, "axis": "x", "origin": [10.5, -1.25, 8]},
			"faces": {
				"north": {"uv": [7.5, 13.5, 7, 14.5], "texture": "#1", "tintindex": 0},
				"east": {"uv": [15, 12, 13.5, 13], "texture": "#1", "tintindex": 0},
				"west": {"uv": [13.5, 12, 15, 13], "texture": "#1", "tintindex": 0},
				"down": {"uv": [7.5, 16, 7, 14.5], "texture": "#1", "tintindex": 0}
			}
		},
		{
			"name": "underside_support",
			"from": [8, -1.5, 3.5],
			"to": [8, 0.5, 12.5],
			"rotation": {"angle": 0, "axis": "y", "origin": [8, -0.5, 8]},
			"faces": {
				"east": {"uv": [15, 4.5, 16, 9], "rotation": 90, "texture": "#1"},
				"west": {"uv": [15, 4.5, 16, 9], "rotation": 90, "texture": "#1"}
			}
		},
		{
			"name": "front_bridge",
			"from": [4, -0.5, 3.5],
			"to": [12, 1.5, 5.5],
			"rotation": {"angle": 0, "axis": "y", "origin": [8, 0.5, 4.5]},
			"faces": {
				"north": {"uv": [4, 16, 0, 15], "texture": "#1"},
				"east": {"uv": [7.5, 10, 8.5, 9], "rotation": 90, "texture": "#1"},
				"south": {"uv": [4, 15, 0, 16], "texture": "#1"},
				"west": {"uv": [7.5, 9, 8.5, 10], "rotation": 90, "texture": "#1"},
				"up": {"uv": [11.5, 10, 7.5, 9], "texture": "#1"},
				"down": {"uv": [4, 16, 0, 15], "texture": "#1"}
			}
		},
		{
			"name": "front_body",
			"from": [5, -0.5, -1.5],
			"to": [11, 1.5, 3.5],
			"rotation": {"angle": 0, "axis": "y", "origin": [8, 0, 2]},
			"faces": {
				"east": {"uv": [11.5, 3, 14, 4], "texture": "#1"},
				"west": {"uv": [11.5, 3, 14, 4], "texture": "#1"},
				"up": {"uv": [11, 2.5, 8, 0], "texture": "#1"},
				"down": {"uv": [11, 3, 8, 5.5], "texture": "#1"}
			}
		},
		{
			"name": "front",
			"from": [4.5, -0.5, -6.5],
			"to": [11.5, 1.5, -1.5],
			"rotation": {"angle": 0, "axis": "y", "origin": [8, 0.5, -4]},
			"faces": {
				"north": {"uv": [0, 11, 3.5, 12], "texture": "#1"},
				"east": {"uv": [14, 4.5, 11.5, 5.5], "texture": "#1"},
				"south": {"uv": [0, 11, 3.5, 12], "texture": "#1"},
				"west": {"uv": [11.5, 4.5, 14, 5.5], "texture": "#1"},
				"up": {"uv": [7.5, 2.5, 4, 0], "texture": "#1"},
				"down": {"uv": [7.5, 3, 4, 5.5], "texture": "#1"}
			}
		},
		{
			"name": "front_2",
			"from": [5.5, -0.5, -8.5],
			"to": [10.5, 1.5, -6.5],
			"rotation": {"angle": 0, "axis": "y", "origin": [8, 0.5, -7.5]},
			"faces": {
				"north": {"uv": [11.5, 6, 14, 7], "texture": "#1"},
				"east": {"uv": [4, 13.5, 3, 14.5], "texture": "#1"},
				"west": {"uv": [3, 13.5, 4, 14.5], "texture": "#1"},
				"up": {"uv": [14, 8.5, 11.5, 7.5], "texture": "#1"},
				"down": {"uv": [6.5, 12, 4, 13], "texture": "#1"}
			}
		},
		{
			"name": "front_support",
			"from": [6.5, -0.76, -1.5],
			"to": [9.5, 0.24, 3.5],
			"rotation": {"angle": 0, "axis": "y", "origin": [8, -0.76, 1]},
			"faces": {
				"east": {"uv": [5.5, 13.5, 6, 16], "rotation": 90, "texture": "#1"},
				"west": {"uv": [4.5, 13.5, 5, 16], "rotation": 90, "texture": "#1"},
				"down": {"uv": [4.5, 16, 6, 13.5], "texture": "#1"}
			}
		},
		{
			"name": "interior_lights",
			"from": [6.5, -0.25, -7.5],
			"to": [9.5, 1.25, -2.5],
			"rotation": {"angle": 0, "axis": "y", "origin": [8, 0.5, -5]},
			"faces": {
				"up": {"uv": [8.5, 13.5, 10, 16], "texture": "#1", "tintindex": 0},
				"down": {"uv": [8.5, 13.5, 10, 16], "texture": "#1", "tintindex": 0}
			}
		},
		{
			"name": "front inverted",
			"from": [11.5, 1.5, -1.5],
			"to": [4.5, -0.5, -6.5],
			"rotation": {"angle": 0, "axis": "y", "origin": [8, 0.5, -4]},
			"faces": {
				"north": {"uv": [7.5, 11.5, 11, 10.5], "texture": "#1"},
				"east": {"uv": [11.5, 5.5, 14, 4.5], "texture": "#1"},
				"south": {"uv": [0, 12, 3.5, 11], "texture": "#1"},
				"west": {"uv": [14, 5.5, 11.5, 4.5], "texture": "#1"},
				"up": {"uv": [4, 3, 7.5, 5.5], "texture": "#1"},
				"down": {"uv": [4, 2.5, 7.5, 0], "texture": "#1"}
			}
		},
		{
			"name": "front_2 inverted",
			"from": [10.5, 1.5, -6.5],
			"to": [5.5, -0.5, -8.5],
			"rotation": {"angle": 0, "axis": "y", "origin": [8, 0.5, -7.5]},
			"faces": {
				"east": {"uv": [3, 14.5, 4, 13.5], "texture": "#1"},
				"south": {"uv": [11.5, 7, 14, 6], "texture": "#1"},
				"west": {"uv": [4, 14.5, 3, 13.5], "texture": "#1"},
				"up": {"uv": [4, 12, 6.5, 13], "texture": "#1"},
				"down": {"uv": [11.5, 8.5, 14, 7.5], "texture": "#1"}
			}
		},
		{
			"name": "back_bridge",
			"from": [4, -0.5, 10.5],
			"to": [12, 1.5, 12.5],
			"rotation": {"angle": 0, "axis": "y", "origin": [8, 0.5, 11.5]},
			"faces": {
				"north": {"uv": [4, 15, 0, 16], "texture": "#1"},
				"east": {"uv": [7.5, 9, 8.5, 10], "rotation": 90, "texture": "#1"},
				"south": {"uv": [4, 16, 0, 15], "texture": "#1"},
				"west": {"uv": [7.5, 10, 8.5, 9], "rotation": 90, "texture": "#1"},
				"up": {"uv": [11.5, 9, 7.5, 10], "texture": "#1"},
				"down": {"uv": [4, 15, 0, 16], "texture": "#1"}
			}
		},
		{
			"name": "back_body",
			"from": [5, -0.5, 12.5],
			"to": [11, 1.5, 17.5],
			"rotation": {"angle": 0, "axis": "y", "origin": [8, 0, 14]},
			"faces": {
				"east": {"uv": [11.5, 3, 14, 4], "texture": "#1"},
				"west": {"uv": [11.5, 3, 14, 4], "texture": "#1"},
				"up": {"uv": [11, 2.5, 8, 0], "texture": "#1"},
				"down": {"uv": [11, 3, 8, 5.5], "texture": "#1"}
			}
		},
		{
			"name": "back_propeller",
			"from": [4.5, -0.5, 17.5],
			"to": [11.5, 1.5, 24.5],
			"rotation": {"angle": 0, "axis": "y", "origin": [8, 0, 19]},
			"faces": {
				"north": {"uv": [11.5, 0, 15, 1], "texture": "#1"},
				"east": {"uv": [15, 1.5, 11.5, 2.5], "texture": "#1"},
				"south": {"uv": [11.5, 0, 15, 1], "texture": "#1"},
				"west": {"uv": [11.5, 1.5, 15, 2.5], "texture": "#1"},
				"up": {"uv": [3.5, 3.5, 0, 0], "texture": "#1"},
				"down": {"uv": [3.5, 4, 0, 7.5], "texture": "#1"}
			}
		},
		{
			"name": "inner_propeller",
			"from": [10.5, 1.5, 23.5],
			"to": [5.5, -0.5, 18.5],
			"rotation": {"angle": 0, "axis": "y", "origin": [6.5, 0.5, 17.5]},
			"faces": {
				"north": {"uv": [12, 9, 14.5, 10], "texture": "#1"},
				"east": {"uv": [12, 9, 14.5, 10], "texture": "#1"},
				"south": {"uv": [12, 9, 14.5, 10], "texture": "#1"},
				"west": {"uv": [12, 9, 14.5, 10], "texture": "#1"}
			}
		},
		{
			"name": "propeller",
			"from": [5.5, 0.5, 18.5],
			"to": [10.5, 0.5, 23.5],
			"rotation": {"angle": 0, "axis": "y", "origin": [5.5, 0, 1]},
			"faces": {
				"up": {"uv": [5, 5, 0, 0], "texture": "#2"},
				"down": {"uv": [5, 0, 0, 5], "texture": "#2"}
			}
		},
		{
			"name": "left_edge",
			"from": [3.5, -0.5, 18.5],
			"to": [4.5, 1.5, 20.5],
			"rotation": {"angle": 0, "axis": "y", "origin": [4, 0.5, 19.5]},
			"faces": {
				"north": {"uv": [14.5, 3, 15, 4], "texture": "#1"},
				"south": {"uv": [15, 3, 15.5, 4], "texture": "#1"},
				"west": {"uv": [14.5, 3, 15.5, 4], "texture": "#1"},
				"up": {"uv": [14.5, 3, 15.5, 3.5], "rotation": 90, "texture": "#1"},
				"down": {"uv": [15.5, 4, 14.5, 3.5], "rotation": 90, "texture": "#1"}
			}
		},
		{
			"name": "back_lights",
			"from": [3.5, 0, 20.5],
			"to": [12.5, 1, 25.5],
			"rotation": {"angle": 0, "axis": "y", "origin": [8, 0, 23]},
			"faces": {
				"east": {"uv": [15.5, 13.5, 16, 16], "rotation": 90, "texture": "#1", "tintindex": 0},
				"south": {"uv": [11.5, 15.5, 16, 16], "texture": "#1", "tintindex": 0},
				"west": {"uv": [11.5, 13.5, 12, 16], "rotation": 90, "texture": "#1", "tintindex": 0},
				"up": {"uv": [11.5, 13.5, 16, 16], "texture": "#1", "tintindex": 0},
				"down": {"uv": [11.5, 16, 16, 13.5], "texture": "#1", "tintindex": 0}
			}
		},
		{
			"name": "right_edge",
			"from": [11.5, -0.5, 18.5],
			"to": [12.5, 1.5, 20.5],
			"rotation": {"angle": 0, "axis": "y", "origin": [12, 0.5, 19.5]},
			"faces": {
				"north": {"uv": [15, 3, 14.5, 4], "texture": "#1"},
				"east": {"uv": [15.5, 3, 14.5, 4], "texture": "#1"},
				"south": {"uv": [15.5, 3, 15, 4], "texture": "#1"},
				"up": {"uv": [14.5, 3, 15.5, 3.5], "rotation": 90, "texture": "#1"},
				"down": {"uv": [15.5, 4, 14.5, 3.5], "rotation": 90, "texture": "#1"}
			}
		},
		{
			"name": "back_support",
			"from": [6.5, -0.76, 12.5],
			"to": [9.5, 0.24, 17.5],
			"rotation": {"angle": 0, "axis": "y", "origin": [8, -0.76, 15]},
			"faces": {
				"east": {"uv": [5.5, 13.5, 6, 16], "rotation": 90, "texture": "#1"},
				"west": {"uv": [4.5, 13.5, 5, 16], "rotation": 90, "texture": "#1"},
				"down": {"uv": [4.5, 13.5, 6, 16], "texture": "#1"}
			}
		},
		{
			"name": "left_tube inverted",
			"from": [6.5, 0.75, 11],
			"to": [5.5, -1.25, 8],
			"rotation": {"angle": -22.5, "axis": "x", "origin": [5.5, -1.25, 8]},
			"faces": {
				"east": {"uv": [13.5, 13, 15, 12], "texture": "#1", "tintindex": 0},
				"south": {"uv": [7, 14.5, 7.5, 13.5], "texture": "#1", "tintindex": 0},
				"west": {"uv": [15, 13, 13.5, 12], "texture": "#1", "tintindex": 0},
				"up": {"uv": [7.5, 16, 7, 14.5], "texture": "#1", "tintindex": 0}
			}
		},
		{
			"name": "right_tube inverted",
			"from": [10.5, 0.75, 11],
			"to": [9.5, -1.25, 8],
			"rotation": {"angle": -22.5, "axis": "x", "origin": [10.5, -1.25, 8]},
			"faces": {
				"east": {"uv": [13.5, 13, 15, 12], "texture": "#1", "tintindex": 0},
				"south": {"uv": [7.5, 14.5, 7, 13.5], "texture": "#1", "tintindex": 0},
				"west": {"uv": [15, 13, 13.5, 12], "texture": "#1", "tintindex": 0},
				"up": {"uv": [7, 16, 7.5, 14.5], "texture": "#1", "tintindex": 0}
			}
		}
	],
	"gui_light": "front",
	"display": {
		"thirdperson_righthand": {
			"rotation": [86, -4, -92],
			"translation": [5.5, -2.25, 0],
			"scale": [0.72, 0.72, 0.72]
		},
		"thirdperson_lefthand": {
			"rotation": [86, -4, -92],
			"translation": [5.5, -2.25, 0],
			"scale": [0.72, 0.72, 0.72]
		},
		"firstperson_righthand": {
			"rotation": [73.27, -50.67, 54.38],
			"translation": [3, 5.25, 0],
			"scale": [0.42, 0.42, 0.42]
		},
		"firstperson_lefthand": {
			"rotation": [73.27, -50.67, 54.38],
			"translation": [3, 5.25, 0],
			"scale": [0.42, 0.42, 0.42]
		},
		"ground": {
			"rotation": [30, 0, 45],
			"translation": [0, 1.5, 0],
			"scale": [0.27, 0.27, 0.27]
		},
		"gui": {
			"rotation": [30, 134, 0],
			"translation": [-0.5, 1.75, 0],
			"scale": [0.51, 0.51, 0.51]
		},
		"head": {
			"translation": [0, 8, 0],
			"scale": [2, 2, 2]
		},
		"fixed": {
			"rotation": [-90, 0, 0],
			"translation": [0, 0, -8]
		}
	},
	"groups": [
		{
			"name": "arcane_hoverboard",
			"origin": [8, 8, 7.5],
			"color": 0,
			"nbt": "{}",
			"children": [
				0,
				1,
				2,
				3,
				4,
				5,
				{
					"name": "front",
					"origin": [8, 0.5, -7.5],
					"color": 0,
					"nbt": "{}",
					"children": [6, 7, 8, 9, 10, 11, 12, 13]
				},
				{
					"name": "back",
					"origin": [5.5, 0, 1],
					"color": 0,
					"nbt": "{}",
					"children": [14, 15, 16, 17, 18, 19, 20, 21, 22]
				},
				23,
				24
			]
		}
	]
}