{
	"credit": "Made with Blockbench, by EnderIzzy124",
	"texture_size": [64, 64],
	"textures": {
		"0": "item/dragon_plane_texture",
		"particle": "item/dragon_plane_texture"
	},
	"elements": [
		{
			"name": "head",
			"from": [5.75, 1.5, -11],
			"to": [10.25, 5.5, -7],
			"rotation": {"angle": 0, "axis": "y", "origin": [8, 3.75, -7]},
			"faces": {
				"north": {"uv": [7.25, 7.75, 8.375, 8.75], "texture": "#0"},
				"east": {"uv": [7, 8, 6, 9], "texture": "#0"},
				"south": {"uv": [1.5, 8, 2.625, 9], "texture": "#0"},
				"west": {"uv": [6, 8, 7, 9], "texture": "#0"},
				"up": {"uv": [4.125, 9, 3, 8], "texture": "#0"},
				"down": {"uv": [5.625, 8, 4.5, 9], "texture": "#0"}
			}
		},
		{
			"name": "eyes",
			"from": [5.75, 1.5, -11],
			"to": [10.25, 5.5, -11],
			"rotation": {"angle": 0, "axis": "y", "origin": [8, 3.5, -11]},
			"faces": {
				"north": {"uv": [12.625, 4.25, 13.75, 5.25], "texture": "#0", "tintindex": 0}
			}
		},
		{
			"name": "snout",
			"from": [6.25, 2, -13.5],
			"to": [9.75, 3.5, -11],
			"rotation": {"angle": 0, "axis": "y", "origin": [7.25, 3.45, -12.5]},
			"faces": {
				"north": {"uv": [10.5, 5.75, 11.375, 6.125], "texture": "#0"},
				"east": {"uv": [11, 1.75, 11.625, 2.125], "texture": "#0"},
				"west": {"uv": [8.5, 11, 9.125, 11.375], "texture": "#0"},
				"up": {"uv": [10.875, 3.375, 10, 2.75], "texture": "#0"},
				"down": {"uv": [11.125, 3.75, 10.25, 4.375], "texture": "#0"}
			}
		},
		{
			"name": "mouth",
			"from": [6.5, 1.5, -13],
			"to": [9.5, 2, -11],
			"rotation": {"angle": 0, "axis": "y", "origin": [7.5, 2.95, -12]},
			"faces": {
				"north": {"uv": [11.25, 5.25, 12, 5.375], "texture": "#0"},
				"east": {"uv": [6.25, 11.25, 6.75, 11.375], "texture": "#0"},
				"west": {"uv": [7, 11.25, 7.5, 11.375], "texture": "#0"},
				"up": {"uv": [10.5, 9.25, 9.75, 8.75], "texture": "#0"},
				"down": {"uv": [11.25, 1, 10.5, 1.5], "texture": "#0"}
			}
		},
		{
			"name": "left_head_spike",
			"from": [6.5, 5.5, -9.75],
			"to": [6.5, 7, -7.25],
			"rotation": {"angle": 0, "axis": "y", "origin": [6.5, 6.25, -8.75]},
			"faces": {
				"east": {"uv": [1.625, 11.25, 1, 11.625], "texture": "#0", "tintindex": 0},
				"west": {"uv": [1, 11.25, 1.625, 11.625], "texture": "#0", "tintindex": 0}
			}
		},
		{
			"name": "right_head_spike",
			"from": [9.5, 5.5, -9.75],
			"to": [9.5, 7, -7.25],
			"rotation": {"angle": 0, "axis": "y", "origin": [9.5, 6.25, -8.75]},
			"faces": {
				"east": {"uv": [1.625, 11.25, 1, 11.625], "texture": "#0", "tintindex": 0},
				"west": {"uv": [1, 11.25, 1.625, 11.625], "texture": "#0", "tintindex": 0}
			}
		},
		{
			"name": "body",
			"from": [4, 0, 1],
			"to": [12, 5.5, 12],
			"rotation": {"angle": 0, "axis": "y", "origin": [13, 2.75, 6.5]},
			"faces": {
				"north": {"uv": [4.75, 3, 6.75, 4.375], "texture": "#0"},
				"east": {"uv": [5, 4.75, 2.25, 6.125], "texture": "#0"},
				"south": {"uv": [4.75, 3, 6.75, 4.375], "texture": "#0"},
				"west": {"uv": [2.25, 4.75, 5, 6.125], "texture": "#0"},
				"up": {"uv": [2, 7.5, 0, 4.75], "texture": "#0"},
				"down": {"uv": [6.75, 0, 4.75, 2.75], "texture": "#0"}
			}
		},
		{
			"name": "body_tint",
			"from": [4, 0, 1],
			"to": [12, 5.5, 12],
			"rotation": {"angle": 0, "axis": "y", "origin": [8, 0, 6.5]},
			"faces": {
				"north": {"uv": [11.75, 2.625, 13.75, 4], "texture": "#0", "tintindex": 0},
				"south": {"uv": [11.75, 2.625, 13.75, 4], "texture": "#0", "tintindex": 0},
				"down": {"uv": [16, 2.625, 14, 5.375], "texture": "#0", "tintindex": 0}
			}
		},
		{
			"name": "hips",
			"from": [4.5, 1, 12],
			"to": [11.5, 5, 17],
			"rotation": {"angle": 0, "axis": "y", "origin": [8, 3.5, 14.5]},
			"faces": {
				"east": {"uv": [8.5, 6.5, 7.25, 7.5], "texture": "#0"},
				"south": {"uv": [7, 1.5, 8.75, 2.5], "texture": "#0"},
				"west": {"uv": [7.25, 6.5, 8.5, 7.5], "texture": "#0"},
				"up": {"uv": [4, 7.75, 2.25, 6.5], "texture": "#0"},
				"down": {"uv": [8.75, 0, 7, 1.25], "texture": "#0"}
			}
		},
		{
			"name": "hips_tint",
			"from": [4.5, 1, 12],
			"to": [11.5, 5, 17],
			"rotation": {"angle": 0, "axis": "y", "origin": [8, 3.5, 14.5]},
			"faces": {
				"south": {"uv": [11.875, 1.375, 13.625, 2.375], "texture": "#0", "tintindex": 0},
				"down": {"uv": [15.625, 1.125, 13.875, 2.375], "texture": "#0", "tintindex": 0}
			}
		},
		{
			"name": "left_wing",
			"from": [-16, 3, 2.5],
			"to": [2, 3, 20.5],
			"rotation": {"angle": 0, "axis": "y", "origin": [2, 3, 2.5]},
			"faces": {
				"up": {"uv": [4.5, 4.5, 0, 0], "texture": "#0"},
				"down": {"uv": [4.5, 0, 0, 4.5], "texture": "#0"}
			}
		},
		{
			"name": "left_wing_tint",
			"from": [-16, 3, 2.5],
			"to": [2, 3, 20.5],
			"rotation": {"angle": 0, "axis": "y", "origin": [2, 3, 2.5]},
			"faces": {
				"up": {"uv": [16, 16, 11.5, 11.5], "texture": "#0", "tintindex": 0},
				"down": {"uv": [16, 11.5, 11.5, 16], "texture": "#0", "tintindex": 0}
			}
		},
		{
			"name": "right_wing",
			"from": [14, 3, 2.5],
			"to": [32, 3, 20.5],
			"rotation": {"angle": 0, "axis": "y", "origin": [14, 3, 2.5]},
			"faces": {
				"up": {"uv": [0, 4.5, 4.5, 0], "texture": "#0"},
				"down": {"uv": [0, 0, 4.5, 4.5], "texture": "#0"}
			}
		},
		{
			"name": "right_wing_tint",
			"from": [14, 3, 2.5],
			"to": [32, 3, 20.5],
			"rotation": {"angle": 0, "axis": "y", "origin": [14, 3, 2.5]},
			"faces": {
				"up": {"uv": [11.5, 16, 16, 11.5], "texture": "#0", "tintindex": 0},
				"down": {"uv": [11.5, 11.5, 16, 16], "texture": "#0", "tintindex": 0}
			}
		},
		{
			"name": "back_spine_1",
			"from": [8, 4.9, -6],
			"to": [8, 6.4, -4],
			"rotation": {"angle": 0, "axis": "y", "origin": [8, 6, -5]},
			"faces": {
				"east": {"uv": [2.5, 11.25, 2, 11.625], "texture": "#0", "tintindex": 0},
				"west": {"uv": [2, 11.25, 2.5, 11.625], "texture": "#0", "tintindex": 0}
			}
		},
		{
			"name": "back_spine_2",
			"from": [8, 4.9, -3],
			"to": [8, 6.4, -1],
			"rotation": {"angle": 0, "axis": "y", "origin": [8, 6, -5]},
			"faces": {
				"east": {"uv": [2.5, 11.25, 2, 11.625], "texture": "#0", "tintindex": 0},
				"west": {"uv": [2, 11.25, 2.5, 11.625], "texture": "#0", "tintindex": 0}
			}
		},
		{
			"name": "back_spine_3",
			"from": [8, 5, 0],
			"to": [8, 6.5, 2],
			"rotation": {"angle": 0, "axis": "y", "origin": [8, 6, -5]},
			"faces": {
				"east": {"uv": [2.5, 11.25, 2, 11.625], "texture": "#0", "tintindex": 0},
				"west": {"uv": [2, 11.25, 2.5, 11.625], "texture": "#0", "tintindex": 0}
			}
		},
		{
			"name": "back_spine_4",
			"from": [8, 5.5, 3],
			"to": [8, 7, 5],
			"rotation": {"angle": 0, "axis": "y", "origin": [8, 6, -5]},
			"faces": {
				"east": {"uv": [2.5, 11.25, 2, 11.625], "texture": "#0", "tintindex": 0},
				"west": {"uv": [2, 11.25, 2.5, 11.625], "texture": "#0", "tintindex": 0}
			}
		},
		{
			"name": "back_spine_5",
			"from": [8, 5.5, 6],
			"to": [8, 7, 8],
			"rotation": {"angle": 0, "axis": "y", "origin": [8, 6, -5]},
			"faces": {
				"east": {"uv": [2.5, 11.25, 2, 11.625], "texture": "#0", "tintindex": 0},
				"west": {"uv": [2, 11.25, 2.5, 11.625], "texture": "#0", "tintindex": 0}
			}
		},
		{
			"name": "back_spine_6",
			"from": [8, 5.5, 9],
			"to": [8, 7, 11],
			"rotation": {"angle": 0, "axis": "y", "origin": [8, 6, -5]},
			"faces": {
				"east": {"uv": [2.5, 11.25, 2, 11.625], "texture": "#0", "tintindex": 0},
				"west": {"uv": [2, 11.25, 2.5, 11.625], "texture": "#0", "tintindex": 0}
			}
		},
		{
			"name": "back_spine_7",
			"from": [8, 5, 12],
			"to": [8, 6.5, 14],
			"rotation": {"angle": 0, "axis": "y", "origin": [8, 6, -5]},
			"faces": {
				"east": {"uv": [2.5, 11.25, 2, 11.625], "texture": "#0", "tintindex": 0},
				"west": {"uv": [2, 11.25, 2.5, 11.625], "texture": "#0", "tintindex": 0}
			}
		},
		{
			"name": "back_spine_8",
			"from": [8, 5, 15],
			"to": [8, 6.5, 17],
			"rotation": {"angle": 0, "axis": "y", "origin": [8, 6, -5]},
			"faces": {
				"east": {"uv": [2.5, 11.25, 2, 11.625], "texture": "#0", "tintindex": 0},
				"west": {"uv": [2, 11.25, 2.5, 11.625], "texture": "#0", "tintindex": 0}
			}
		},
		{
			"name": "back_spine_9",
			"from": [8, 5, 18],
			"to": [8, 6.5, 20],
			"rotation": {"angle": 0, "axis": "y", "origin": [8, 6, -5]},
			"faces": {
				"east": {"uv": [2.5, 11.25, 2, 11.625], "texture": "#0", "tintindex": 0},
				"west": {"uv": [2, 11.25, 2.5, 11.625], "texture": "#0", "tintindex": 0}
			}
		},
		{
			"name": "back_spine_10",
			"from": [8, 4.5, 21],
			"to": [8, 6, 23],
			"rotation": {"angle": 0, "axis": "y", "origin": [8, 6, -5]},
			"faces": {
				"east": {"uv": [2.5, 11.25, 2, 11.625], "texture": "#0", "tintindex": 0},
				"west": {"uv": [2, 11.25, 2.5, 11.625], "texture": "#0", "tintindex": 0}
			}
		},
		{
			"name": "back_spine_11",
			"from": [8, 4.5, 24],
			"to": [8, 6, 26],
			"rotation": {"angle": 0, "axis": "y", "origin": [8, 6, -5]},
			"faces": {
				"east": {"uv": [2.5, 11.25, 2, 11.625], "texture": "#0", "tintindex": 0},
				"west": {"uv": [2, 11.25, 2.5, 11.625], "texture": "#0", "tintindex": 0}
			}
		},
		{
			"name": "back_spine_12",
			"from": [8, 4.5, 27],
			"to": [8, 6, 29],
			"rotation": {"angle": 0, "axis": "y", "origin": [8, 6, -5]},
			"faces": {
				"east": {"uv": [2.5, 11.25, 2, 11.625], "texture": "#0", "tintindex": 0},
				"west": {"uv": [2, 11.25, 2.5, 11.625], "texture": "#0", "tintindex": 0}
			}
		},
		{
			"name": "neck_base",
			"from": [5.5, 1, -2.5],
			"to": [10.5, 5, 1],
			"rotation": {"angle": 0, "axis": "y", "origin": [8, 3.1, 1]},
			"faces": {
				"north": {"uv": [0, 7.75, 1.25, 8.75], "texture": "#0"},
				"east": {"uv": [8.125, 9, 7.25, 10], "texture": "#0"},
				"west": {"uv": [7.25, 9, 8.125, 10], "texture": "#0"},
				"up": {"uv": [9.75, 3.625, 8.5, 2.75], "texture": "#0"},
				"down": {"uv": [10, 4, 8.75, 4.875], "texture": "#0"}
			}
		},
		{
			"name": "neck_base_tint",
			"from": [5.5, 1, -2.5],
			"to": [10.5, 5, 1],
			"rotation": {"angle": 0, "axis": "y", "origin": [8, 3.1, 1]},
			"faces": {
				"north": {"uv": [12.5, 5.5, 13.75, 6.5], "texture": "#0", "tintindex": 0},
				"down": {"uv": [15.875, 0, 14.625, 0.875], "texture": "#0", "tintindex": 0}
			}
		},
		{
			"name": "neck_long",
			"from": [6.5, 2, -7],
			"to": [9.5, 5, -2.5],
			"rotation": {"angle": 0, "axis": "y", "origin": [8, 3.6, -2.5]},
			"faces": {
				"north": {"uv": [9.75, 7.75, 10.5, 8.5], "texture": "#0"},
				"east": {"uv": [6.625, 9.25, 5.5, 10], "texture": "#0"},
				"west": {"uv": [5.5, 9.25, 6.625, 10], "texture": "#0"},
				"up": {"uv": [9.25, 10.625, 8.5, 9.5], "texture": "#0"},
				"down": {"uv": [10.25, 9.5, 9.5, 10.625], "texture": "#0"}
			}
		},
		{
			"name": "neck_long_tint",
			"from": [6.5, 2, -7],
			"to": [9.5, 2, -2.5],
			"rotation": {"angle": 0, "axis": "y", "origin": [8, 3.6, -2.5]},
			"faces": {
				"down": {"uv": [12.625, 0, 11.875, 1.125], "texture": "#0", "tintindex": 0}
			}
		},
		{
			"name": "left_wing_connector",
			"from": [2, 2, 1.5],
			"to": [4, 4, 8.5],
			"rotation": {"angle": 0, "axis": "y", "origin": [3, 3, 2.5]},
			"faces": {
				"north": {"uv": [10.75, 7.25, 11.25, 7.75], "texture": "#0"},
				"south": {"uv": [10.75, 8, 11.25, 8.5], "texture": "#0"},
				"west": {"uv": [9, 2, 10.75, 2.5], "texture": "#0"},
				"up": {"uv": [1.5, 11, 1, 9.25], "texture": "#0"},
				"down": {"uv": [2.25, 9.25, 1.75, 11], "texture": "#0"}
			}
		},
		{
			"name": "right_wing_connector",
			"from": [12, 2, 1.5],
			"to": [14, 4, 8.5],
			"rotation": {"angle": 0, "axis": "y", "origin": [13, 3, 2.5]},
			"faces": {
				"north": {"uv": [11.25, 7.25, 10.75, 7.75], "texture": "#0"},
				"east": {"uv": [10.75, 2, 9, 2.5], "texture": "#0"},
				"south": {"uv": [11.25, 8, 10.75, 8.5], "texture": "#0"},
				"up": {"uv": [1, 11, 1.5, 9.25], "texture": "#0"},
				"down": {"uv": [1.75, 9.25, 2.25, 11], "texture": "#0"}
			}
		},
		{
			"name": "left_arm",
			"from": [4.5, -6, 2.5],
			"to": [6.5, 1, 4.5],
			"rotation": {"angle": -45, "axis": "x", "origin": [5.5, 0, 3.5]},
			"faces": {
				"north": {"uv": [2.5, 9.25, 3, 11], "texture": "#0"},
				"east": {"uv": [3.25, 9.25, 3.75, 11], "texture": "#0"},
				"south": {"uv": [4, 9.25, 4.5, 11], "texture": "#0"},
				"west": {"uv": [4.75, 9.25, 5.25, 11], "texture": "#0"},
				"down": {"uv": [11.25, 8.75, 10.75, 9.25], "texture": "#0"}
			}
		},
		{
			"name": "left_hand",
			"from": [4.249, -6.501, 7.499],
			"to": [6.751, -3.499, 8.501],
			"rotation": {"angle": -22.5, "axis": "x", "origin": [5.25, -4.25, 8]},
			"faces": {
				"north": {"uv": [10.25, 4.75, 10.875, 5.5], "texture": "#0"},
				"east": {"uv": [11.25, 2.5, 11.5, 3.25], "texture": "#0"},
				"south": {"uv": [5.5, 10.25, 6.125, 11], "texture": "#0"},
				"west": {"uv": [2.75, 11.25, 3, 12], "texture": "#0"},
				"up": {"uv": [9.375, 5.5, 8.75, 5.25], "texture": "#0"},
				"down": {"uv": [4.875, 11.25, 4.25, 11.5], "texture": "#0"}
			}
		},
		{
			"name": "right_arm",
			"from": [9.5, -6, 2.5],
			"to": [11.5, 1, 4.5],
			"rotation": {"angle": -45, "axis": "x", "origin": [10.5, 0, 3.5]},
			"faces": {
				"north": {"uv": [3, 9.25, 2.5, 11], "texture": "#0"},
				"east": {"uv": [5.25, 9.25, 4.75, 11], "texture": "#0"},
				"south": {"uv": [4.5, 9.25, 4, 11], "texture": "#0"},
				"west": {"uv": [3.75, 9.25, 3.25, 11], "texture": "#0"},
				"down": {"uv": [10.75, 8.75, 11.25, 9.25], "texture": "#0"}
			}
		},
		{
			"name": "right_hand",
			"from": [9.249, -6.501, 7.499],
			"to": [11.751, -3.499, 8.501],
			"rotation": {"angle": -22.5, "axis": "x", "origin": [10.75, -4.25, 8]},
			"faces": {
				"north": {"uv": [10.875, 4.75, 10.25, 5.5], "texture": "#0"},
				"east": {"uv": [3, 11.25, 2.75, 12], "texture": "#0"},
				"south": {"uv": [6.125, 10.25, 5.5, 11], "texture": "#0"},
				"west": {"uv": [11.5, 2.5, 11.25, 3.25], "texture": "#0"},
				"up": {"uv": [8.75, 5.5, 9.375, 5.25], "texture": "#0"},
				"down": {"uv": [4.25, 11.25, 4.875, 11.5], "texture": "#0"}
			}
		},
		{
			"name": "left_thigh",
			"from": [3.749, -1.501, 11.249],
			"to": [6.751, 3.501, 16.251],
			"rotation": {"angle": -22.5, "axis": "x", "origin": [5.25, 1, 13.5]},
			"faces": {
				"north": {"uv": [4.25, 6.5, 5, 7.75], "texture": "#0"},
				"east": {"uv": [7, 2.75, 8.25, 4], "texture": "#0"},
				"south": {"uv": [8.75, 6.5, 9.5, 7.75], "texture": "#0"},
				"west": {"uv": [7.25, 4.25, 8.5, 5.5], "texture": "#0"},
				"up": {"uv": [9.5, 9.25, 8.75, 8], "texture": "#0"},
				"down": {"uv": [0.75, 9, 0, 10.25], "texture": "#0"}
			}
		},
		{
			"name": "left_leg",
			"from": [4.25, -4, 13],
			"to": [6.75, -1, 15],
			"rotation": {"angle": -45, "axis": "x", "origin": [5.25, 1, 13.5]},
			"faces": {
				"north": {"uv": [6.5, 10.25, 7.125, 11], "texture": "#0"},
				"east": {"uv": [10.5, 9.5, 11, 10.25], "texture": "#0"},
				"south": {"uv": [7.5, 10.25, 8.125, 11], "texture": "#0"},
				"west": {"uv": [10.5, 10.5, 11, 11.25], "texture": "#0"},
				"down": {"uv": [11.375, 6.5, 10.75, 7], "texture": "#0"}
			}
		},
		{
			"name": "left_foot",
			"from": [4.249, -4.801, 16.999],
			"to": [6.751, -1.799, 18.001],
			"rotation": {"angle": -22.5, "axis": "x", "origin": [5.5, -1.8, 17.5]},
			"faces": {
				"north": {"uv": [0, 10.5, 0.625, 11.25], "texture": "#0"},
				"east": {"uv": [3.25, 11.25, 3.5, 12], "texture": "#0"},
				"south": {"uv": [10.5, 0, 11.125, 0.75], "texture": "#0"},
				"west": {"uv": [3.75, 11.25, 4, 12], "texture": "#0"},
				"up": {"uv": [11.875, 5, 11.25, 4.75], "texture": "#0"},
				"down": {"uv": [5.875, 11.25, 5.25, 11.5], "texture": "#0"}
			}
		},
		{
			"name": "right_thigh",
			"from": [9.249, -1.501, 11.249],
			"to": [12.251, 3.501, 16.251],
			"rotation": {"angle": -22.5, "axis": "x", "origin": [10.75, 1, 13.5]},
			"faces": {
				"north": {"uv": [5, 6.5, 4.25, 7.75], "texture": "#0"},
				"east": {"uv": [8.5, 4.25, 7.25, 5.5], "texture": "#0"},
				"south": {"uv": [9.5, 6.5, 8.75, 7.75], "texture": "#0"},
				"west": {"uv": [8.25, 2.75, 7, 4], "texture": "#0"},
				"up": {"uv": [8.75, 9.25, 9.5, 8], "texture": "#0"},
				"down": {"uv": [0, 9, 0.75, 10.25], "texture": "#0"}
			}
		},
		{
			"name": "right_leg",
			"from": [9.25, -4, 13],
			"to": [11.75, -1, 15],
			"rotation": {"angle": -45, "axis": "x", "origin": [10.75, 1, 13.5]},
			"faces": {
				"north": {"uv": [7.125, 10.25, 6.5, 11], "texture": "#0"},
				"east": {"uv": [11, 10.5, 10.5, 11.25], "texture": "#0"},
				"south": {"uv": [8.125, 10.25, 7.5, 11], "texture": "#0"},
				"west": {"uv": [11, 9.5, 10.5, 10.25], "texture": "#0"},
				"down": {"uv": [10.75, 6.5, 11.375, 7], "texture": "#0"}
			}
		},
		{
			"name": "right_foot",
			"from": [9.249, -4.801, 16.999],
			"to": [11.751, -1.799, 18.001],
			"rotation": {"angle": -22.5, "axis": "x", "origin": [10.5, -1.8, 17.5]},
			"faces": {
				"north": {"uv": [0.625, 10.5, 0, 11.25], "texture": "#0"},
				"east": {"uv": [4, 11.25, 3.75, 12], "texture": "#0"},
				"south": {"uv": [11.125, 0, 10.5, 0.75], "texture": "#0"},
				"west": {"uv": [3.5, 11.25, 3.25, 12], "texture": "#0"},
				"up": {"uv": [11.25, 5, 11.875, 4.75], "texture": "#0"},
				"down": {"uv": [5.25, 11.25, 5.875, 11.5], "texture": "#0"}
			}
		},
		{
			"name": "tail_back",
			"from": [5.5, 1.5, 17],
			"to": [10.5, 5, 20],
			"rotation": {"angle": 0, "axis": "y", "origin": [5.5, 1.5, 17]},
			"faces": {
				"east": {"uv": [10.5, 6.5, 9.75, 7.375], "texture": "#0"},
				"south": {"uv": [7.25, 1.5, 8.5, 2.375], "texture": "#0"},
				"west": {"uv": [9.75, 6.5, 10.5, 7.375], "texture": "#0"},
				"up": {"uv": [10.25, 0.75, 9, 0], "texture": "#0"},
				"down": {"uv": [10.25, 1, 9, 1.75], "texture": "#0"}
			}
		},
		{
			"name": "tail_back_tint",
			"from": [5.5, 1.5, 17],
			"to": [10.5, 5, 20],
			"rotation": {"angle": 0, "axis": "y", "origin": [5.5, 1.5, 17]},
			"faces": {
				"down": {"uv": [14.125, 0, 12.875, 0.75], "texture": "#0", "tintindex": 0}
			}
		},
		{
			"name": "tail_length",
			"from": [6.5, 2.5, 20],
			"to": [9.5, 4.5, 32],
			"rotation": {"angle": 0, "axis": "y", "origin": [8, 3.5, 21.5]},
			"faces": {
				"east": {"uv": [10.25, 5.75, 7.25, 6.25], "texture": "#0"},
				"south": {"uv": [7.5, 1.625, 8.25, 2.125], "texture": "#0"},
				"west": {"uv": [7.25, 5.75, 10.25, 6.25], "texture": "#0"},
				"up": {"uv": [6, 7.75, 5.25, 4.75], "texture": "#0"},
				"down": {"uv": [7, 4.75, 6.25, 7.75], "texture": "#0"}
			}
		},
		{
			"name": "gunbrace",
			"from": [5.475, 0.975, -1.525],
			"to": [10.525, 5.025, 0.525],
			"rotation": {"angle": 0, "axis": "y", "origin": [8, 1, -1]},
			"faces": {
				"east": {"uv": [1.875, 12, 1.375, 13], "texture": "#0"},
				"west": {"uv": [1.375, 12, 1.875, 13], "texture": "#0"},
				"up": {"uv": [0, 12.5, 1.25, 13], "texture": "#0"},
				"down": {"uv": [0, 11.875, 1.25, 12.375], "texture": "#0"}
			}
		},
		{
			"name": "left_brace_to_gun",
			"from": [5, 2, -1],
			"to": [5.5, 4, 0],
			"rotation": {"angle": 0, "axis": "y", "origin": [5.5, 3, -0.5]},
			"faces": {
				"north": {"uv": [1.5, 12.25, 1.625, 12.75], "texture": "#0"},
				"south": {"uv": [1.625, 12.25, 1.75, 12.75], "texture": "#0"},
				"west": {"uv": [1.5, 12.25, 1.75, 12.75], "texture": "#0"},
				"up": {"uv": [1.5, 12.25, 1.75, 12.375], "texture": "#0"},
				"down": {"uv": [1.75, 12.625, 1.5, 12.75], "rotation": 90, "texture": "#0"}
			}
		},
		{
			"name": "left_arm",
			"from": [1.5, 2.25, -0.5],
			"to": [5.5, 3.25, -0.5],
			"rotation": {"angle": 45, "axis": "z", "origin": [5, 2.75, -0.5]},
			"faces": {
				"north": {"uv": [0.75, 13.875, 1.75, 14.125], "texture": "#0"},
				"south": {"uv": [1.75, 13.875, 0.75, 14.125], "texture": "#0"}
			}
		},
		{
			"name": "left_turret",
			"from": [2, 0, -4],
			"to": [3, 1, 0],
			"rotation": {"angle": -22.5, "axis": "x", "origin": [2.5, 0.5, -0.5]},
			"faces": {
				"north": {"uv": [0.75, 13.125, 1, 13.375], "texture": "#0"},
				"east": {"uv": [1, 14.25, 0, 14.5], "texture": "#0"},
				"south": {"uv": [0.75, 13.5, 1, 13.75], "texture": "#0"},
				"west": {"uv": [0, 14.25, 1, 14.5], "texture": "#0"},
				"up": {"uv": [0, 13.125, 0.25, 14.125], "texture": "#0"},
				"down": {"uv": [0.375, 13.125, 0.625, 14.125], "texture": "#0"}
			}
		},
		{
			"name": "left_barrel",
			"from": [2.25, 0.5, -5],
			"to": [2.75, 1, -4],
			"rotation": {"angle": -22.5, "axis": "x", "origin": [2.5, 0.5, -0.5]},
			"faces": {
				"north": {"uv": [1.125, 13.5, 1.25, 13.625], "texture": "#0"},
				"east": {"uv": [1.875, 13.125, 1.625, 13.25], "texture": "#0"},
				"west": {"uv": [1.625, 13.125, 1.875, 13.25], "texture": "#0"},
				"up": {"uv": [1.125, 13.125, 1.25, 13.375], "texture": "#0"},
				"down": {"uv": [1.375, 13.125, 1.5, 13.375], "texture": "#0"}
			}
		},
		{
			"name": "right_brace_to_gun",
			"from": [10.5, 2, -1],
			"to": [11, 4, 0],
			"rotation": {"angle": 0, "axis": "y", "origin": [10.5, 3, -0.5]},
			"faces": {
				"north": {"uv": [1.625, 12.25, 1.5, 12.75], "texture": "#0"},
				"east": {"uv": [1.75, 12.25, 1.5, 12.75], "texture": "#0"},
				"south": {"uv": [1.75, 12.25, 1.625, 12.75], "texture": "#0"},
				"up": {"uv": [1.75, 12.25, 1.5, 12.375], "texture": "#0"},
				"down": {"uv": [1.75, 12.75, 1.5, 12.625], "rotation": 90, "texture": "#0"}
			}
		},
		{
			"name": "right_arm",
			"from": [10.5, 2.25, -0.5],
			"to": [14.5, 3.25, -0.5],
			"rotation": {"angle": -45, "axis": "z", "origin": [11, 2.75, -0.5]},
			"faces": {
				"north": {"uv": [1.75, 13.875, 0.75, 14.125], "texture": "#0"},
				"south": {"uv": [0.75, 13.875, 1.75, 14.125], "texture": "#0"}
			}
		},
		{
			"name": "right_turret",
			"from": [13, 0, -4],
			"to": [14, 1, 0],
			"rotation": {"angle": -22.5, "axis": "x", "origin": [13.5, 0.5, -0.5]},
			"faces": {
				"north": {"uv": [1, 13.125, 0.75, 13.375], "texture": "#0"},
				"east": {"uv": [1, 14.25, 0, 14.5], "texture": "#0"},
				"south": {"uv": [1, 13.5, 0.75, 13.75], "texture": "#0"},
				"west": {"uv": [0, 14.25, 1, 14.5], "texture": "#0"},
				"up": {"uv": [0.25, 13.125, 0, 14.125], "texture": "#0"},
				"down": {"uv": [0.625, 13.125, 0.375, 14.125], "texture": "#0"}
			}
		},
		{
			"name": "right_barrel",
			"from": [13.25, 0.5, -5],
			"to": [13.75, 1, -4],
			"rotation": {"angle": -22.5, "axis": "x", "origin": [13.5, 0.5, -0.5]},
			"faces": {
				"north": {"uv": [1.25, 13.5, 1.125, 13.625], "texture": "#0"},
				"east": {"uv": [1.875, 13.125, 1.625, 13.25], "texture": "#0"},
				"west": {"uv": [1.625, 13.125, 1.875, 13.25], "texture": "#0"},
				"up": {"uv": [1.25, 13.125, 1.125, 13.375], "texture": "#0"},
				"down": {"uv": [1.5, 13.125, 1.375, 13.375], "texture": "#0"}
			}
		}
	],
	"gui_light": "front",
	"display": {
		"thirdperson_righthand": {
			"rotation": [69, 44, -52],
			"translation": [0, 4.25, 0],
			"scale": [0.28, 0.28, 0.28]
		},
		"thirdperson_lefthand": {
			"rotation": [69, 44, -52],
			"translation": [0, 4.25, 0],
			"scale": [0.28, 0.28, 0.28]
		},
		"firstperson_righthand": {
			"rotation": [78.56, -23.24, 62.9],
			"translation": [0, 4.5, 0],
			"scale": [0.26, 0.26, 0.26]
		},
		"firstperson_lefthand": {
			"rotation": [78.56, -23.24, 62.9],
			"translation": [0, 4.5, 0],
			"scale": [0.26, 0.26, 0.26]
		},
		"ground": {
			"rotation": [45, 0, 45],
			"translation": [0, 5, 0],
			"scale": [0.29, 0.29, 0.29]
		},
		"gui": {
			"rotation": [30, 134, 0],
			"translation": [-0.25, 1.75, 0],
			"scale": [0.4, 0.4, 0.4]
		},
		"head": {
			"translation": [0, 20.25, 0],
			"scale": [4, 4, 4]
		},
		"fixed": {
			"rotation": [-90, 0, 0],
			"translation": [0, 0, -14]
		}
	},
	"groups": [
		{
			"name": "dragon_plane",
			"origin": [8, 8, 8],
			"color": 0,
			"nbt": "{}",
			"children": [
				{
					"name": "head",
					"origin": [8, 8, 8],
					"color": 0,
					"nbt": "{}",
					"children": [0, 1, 2, 3, 4, 5]
				},
				6,
				7,
				8,
				9,
				{
					"name": "left_wing_group",
					"origin": [2, 3, 2.5],
					"color": 0,
					"nbt": "{}",
					"children": [10, 11]
				},
				{
					"name": "right_wing_group",
					"origin": [14, 3, 2.5],
					"color": 0,
					"nbt": "{}",
					"children": [12, 13]
				},
				{
					"name": "back_spines",
					"origin": [8, 6, -5],
					"color": 8,
					"nbt": "{}",
					"children": [14, 15, 16, 17, 18, 19, 20, 21, 22, 23, 24, 25]
				},
				26,
				27,
				28,
				29,
				30,
				31,
				{
					"name": "left_arm_group",
					"origin": [5.5, -4.25, 5.5],
					"color": 0,
					"nbt": "{}",
					"children": [32, 33]
				},
				{
					"name": "right_arm_group",
					"origin": [5.5, -4.25, 5.5],
					"color": 0,
					"nbt": "{}",
					"children": [34, 35]
				},
				{
					"name": "left_leg_group",
					"origin": [5.25, 1, 11],
					"color": 1,
					"nbt": "{}",
					"children": [36, 37, 38]
				},
				{
					"name": "right_leg_group",
					"origin": [5.25, 1, 11],
					"color": 1,
					"nbt": "{}",
					"children": [39, 40, 41]
				},
				42,
				43,
				44,
				45,
				46,
				47,
				48,
				49,
				50,
				51,
				52,
				53
			]
		}
	]
}