{
	"credit": "Made with Blockbench, by EnderIzzy124",
	"texture_size": [64, 64],
	"textures": {
		"0": "item/tesla_coil_texture",
		"1": "item/tesla_lightning",
		"particle": "item/tesla_coil_texture"
	},
	"elements": [
		{
			"name": "body",
			"from": [2, -12, 2],
			"to": [14, 7, 14],
			"rotation": {"angle": 0, "axis": "y", "origin": [8, -6.5, 8]},
			"faces": {
				"north": {"uv": [0, 0, 3, 4.75], "texture": "#0"},
				"east": {"uv": [3.25, 0, 6.25, 4.75], "texture": "#0"},
				"south": {"uv": [3.25, 0, 6.25, 4.75], "texture": "#0"},
				"west": {"uv": [3.25, 0, 6.25, 4.75], "texture": "#0"},
				"up": {"uv": [3, 8, 0, 5], "texture": "#0"}
			}
		},
		{
			"name": "pole_1",
			"from": [1, -11, 1],
			"to": [3, 8, 3],
			"rotation": {"angle": 0, "axis": "y", "origin": [2, -5, 2]},
			"faces": {
				"north": {"uv": [9.25, 0, 9.75, 4.75], "texture": "#0"},
				"east": {"uv": [9.75, 0, 9.25, 4.75], "texture": "#0"},
				"south": {"uv": [9.25, 0, 9.75, 4.75], "texture": "#0"},
				"west": {"uv": [9.75, 0, 9.25, 4.75], "texture": "#0"},
				"up": {"uv": [9.75, 5.75, 9.25, 5.25], "texture": "#0"},
				"down": {"uv": [5.5, 9, 5, 9.5], "texture": "#0"}
			}
		},
		{
			"name": "pole_2",
			"from": [13, -11, 1],
			"to": [15, 8, 3],
			"rotation": {"angle": 0, "axis": "y", "origin": [14, -5, 2]},
			"faces": {
				"north": {"uv": [9.75, 0, 9.25, 4.75], "texture": "#0"},
				"east": {"uv": [9.25, 0, 9.75, 4.75], "texture": "#0"},
				"south": {"uv": [9.75, 0, 9.25, 4.75], "texture": "#0"},
				"west": {"uv": [9.25, 0, 9.75, 4.75], "texture": "#0"},
				"up": {"uv": [9.25, 5.75, 9.75, 5.25], "texture": "#0"},
				"down": {"uv": [5, 9, 5.5, 9.5], "texture": "#0"}
			}
		},
		{
			"name": "pole_3",
			"from": [13, -11, 13],
			"to": [15, 8, 15],
			"rotation": {"angle": 0, "axis": "y", "origin": [14, -5, 14]},
			"faces": {
				"north": {"uv": [9.25, 0, 9.75, 4.75], "texture": "#0"},
				"east": {"uv": [9.75, 0, 9.25, 4.75], "texture": "#0"},
				"south": {"uv": [9.25, 0, 9.75, 4.75], "texture": "#0"},
				"west": {"uv": [9.75, 0, 9.25, 4.75], "texture": "#0"},
				"up": {"uv": [9.25, 5.25, 9.75, 5.75], "texture": "#0"},
				"down": {"uv": [5, 9.5, 5.5, 9], "texture": "#0"}
			}
		},
		{
			"name": "pole_2",
			"from": [1, -11, 13],
			"to": [3, 8, 15],
			"rotation": {"angle": 0, "axis": "y", "origin": [2, -5, 14]},
			"faces": {
				"north": {"uv": [9.75, 0, 9.25, 4.75], "texture": "#0"},
				"east": {"uv": [9.25, 0, 9.75, 4.75], "texture": "#0"},
				"south": {"uv": [9.75, 0, 9.25, 4.75], "texture": "#0"},
				"west": {"uv": [9.25, 0, 9.75, 4.75], "texture": "#0"},
				"up": {"uv": [9.75, 5.25, 9.25, 5.75], "texture": "#0"},
				"down": {"uv": [5.5, 9.5, 5, 9], "texture": "#0"}
			}
		},
		{
			"name": "platform_1",
			"from": [4, 7, 4],
			"to": [12, 9, 12],
			"rotation": {"angle": 0, "axis": "y", "origin": [8, 4, 8]},
			"faces": {
				"north": {"uv": [2.75, 9, 4.75, 9.5], "texture": "#0"},
				"east": {"uv": [2.75, 9, 4.75, 9.5], "texture": "#0"},
				"south": {"uv": [2.75, 9, 4.75, 9.5], "texture": "#0"},
				"west": {"uv": [2.75, 9, 4.75, 9.5], "texture": "#0"}
			}
		},
		{
			"name": "platform_2",
			"from": [3, 9, 3],
			"to": [13, 11, 13],
			"rotation": {"angle": 0, "axis": "y", "origin": [8, 6, 8]},
			"faces": {
				"north": {"uv": [7, 8.25, 9.5, 8.75], "texture": "#0"},
				"east": {"uv": [7, 8.25, 9.5, 8.75], "texture": "#0"},
				"south": {"uv": [7, 8.25, 9.5, 8.75], "texture": "#0"},
				"west": {"uv": [7, 8.25, 9.5, 8.75], "texture": "#0"},
				"up": {"uv": [9, 2.5, 6.5, 0], "texture": "#0"},
				"down": {"uv": [6, 7.75, 3.5, 5.25], "texture": "#0"}
			}
		},
		{
			"name": "pole",
			"from": [7, 11, 7],
			"to": [9, 20, 9],
			"rotation": {"angle": 0, "axis": "y", "origin": [7, 7, 7]},
			"faces": {
				"north": {"uv": [10.5, 0, 10, 2.25], "texture": "#0"},
				"east": {"uv": [10, 0, 10.5, 2.25], "texture": "#0"},
				"south": {"uv": [10.5, 0, 10, 2.25], "texture": "#0"},
				"west": {"uv": [10, 0, 10.5, 2.25], "texture": "#0"},
				"up": {"uv": [9.75, 6.5, 9.25, 6], "texture": "#0"}
			}
		},
		{
			"name": "rail_1",
			"from": [-1.58579, -12, 0.41421],
			"to": [1.41421, 7, 0.41421],
			"rotation": {"angle": -45, "axis": "y", "origin": [0.41421, -12, 0.41421]},
			"faces": {
				"north": {"uv": [10.75, 4.75, 11.5, 9.5], "texture": "#0"},
				"south": {"uv": [11.5, 4.75, 10.75, 9.5], "texture": "#0"}
			}
		},
		{
			"name": "rail_2",
			"from": [14.58579, -12, 0.41421],
			"to": [17.58579, 7, 0.41421],
			"rotation": {"angle": 45, "axis": "y", "origin": [15.58579, -12, 0.41421]},
			"faces": {
				"north": {"uv": [11.5, 4.75, 10.75, 9.5], "texture": "#0"},
				"south": {"uv": [10.75, 4.75, 11.5, 9.5], "texture": "#0"}
			}
		},
		{
			"name": "rail_3",
			"from": [14.58579, -12, 15.58579],
			"to": [17.58579, 7, 15.58579],
			"rotation": {"angle": -45, "axis": "y", "origin": [15.58579, -12, 15.58579]},
			"faces": {
				"north": {"uv": [11.5, 4.75, 10.75, 9.5], "texture": "#0"},
				"south": {"uv": [10.75, 4.75, 11.5, 9.5], "texture": "#0"}
			}
		},
		{
			"name": "rail_4",
			"from": [-1.58579, -12, 15.58579],
			"to": [1.41421, 7, 15.58579],
			"rotation": {"angle": 45, "axis": "y", "origin": [0.41421, -12, 15.58579]},
			"faces": {
				"north": {"uv": [10.75, 4.75, 11.5, 9.5], "texture": "#0"},
				"south": {"uv": [11.5, 4.75, 10.75, 9.5], "texture": "#0"}
			}
		},
		{
			"name": "pole_top_1",
			"from": [8, 20, 7.5],
			"to": [8, 22, 8.5],
			"rotation": {"angle": 0, "axis": "y", "origin": [8, 21, 8]},
			"faces": {
				"east": {"uv": [9.25, 6.75, 9.5, 7.25], "texture": "#0"},
				"west": {"uv": [9.25, 6.75, 9.5, 7.25], "texture": "#0"}
			}
		},
		{
			"name": "pole_top_2",
			"from": [7.5, 20, 8],
			"to": [8.5, 22, 8],
			"rotation": {"angle": 0, "axis": "y", "origin": [8, 21, 8]},
			"faces": {
				"north": {"uv": [9.25, 6.75, 9.5, 7.25], "texture": "#0"},
				"south": {"uv": [9.25, 6.75, 9.5, 7.25], "texture": "#0"}
			}
		},
		{
			"name": "ground_1",
			"from": [0, 13, 0],
			"to": [16, 15, 2],
			"rotation": {"angle": 0, "axis": "y", "origin": [8, 14, 1]},
			"faces": {
				"north": {"uv": [12, 4.25, 16, 4.75], "texture": "#0"},
				"east": {"uv": [12, 4.25, 12.5, 4.75], "texture": "#0"},
				"south": {"uv": [12, 5, 16, 5.5], "texture": "#0"},
				"west": {"uv": [15.5, 4.25, 16, 4.75], "texture": "#0"},
				"up": {"uv": [12, 5.75, 16, 6.25], "texture": "#0"},
				"down": {"uv": [12, 10, 16, 10.5], "texture": "#0"}
			}
		},
		{
			"name": "ground_2",
			"from": [0, 13, 2],
			"to": [2, 15, 14],
			"rotation": {"angle": 0, "axis": "y", "origin": [1, 14, 8]},
			"faces": {
				"east": {"uv": [12, 4.25, 16, 4.75], "texture": "#0"},
				"west": {"uv": [12.5, 4.25, 15.5, 4.75], "texture": "#0"},
				"up": {"uv": [12, 6.25, 12.5, 9.25], "texture": "#0"},
				"down": {"uv": [12, 13.5, 12.5, 10.5], "texture": "#0"}
			}
		},
		{
			"name": "ground_3",
			"from": [0, 13, 14],
			"to": [16, 15, 16],
			"rotation": {"angle": 0, "axis": "y", "origin": [8, 14, 15]},
			"faces": {
				"north": {"uv": [12, 5, 16, 5.5], "texture": "#0"},
				"east": {"uv": [15.5, 4.25, 16, 4.75], "texture": "#0"},
				"south": {"uv": [12, 4.25, 16, 4.75], "texture": "#0"},
				"west": {"uv": [12, 4.25, 12.5, 4.75], "texture": "#0"},
				"up": {"uv": [16, 6.25, 12, 5.75], "texture": "#0"},
				"down": {"uv": [16, 10.5, 12, 10], "texture": "#0"}
			}
		},
		{
			"name": "ground_4",
			"from": [14, 13, 2],
			"to": [16, 15, 14],
			"rotation": {"angle": 0, "axis": "y", "origin": [15, 14, 8]},
			"faces": {
				"east": {"uv": [12.5, 4.25, 15.5, 4.75], "texture": "#0"},
				"west": {"uv": [12, 4.25, 16, 4.75], "texture": "#0"},
				"up": {"uv": [12.5, 9.25, 12, 6.25], "texture": "#0"},
				"down": {"uv": [12.5, 10.5, 12, 13.5], "texture": "#0"}
			}
		},
		{
			"name": "upper_ground_1",
			"from": [0, 16, 0],
			"to": [16, 18, 2],
			"rotation": {"angle": 0, "axis": "y", "origin": [8, 17, 1]},
			"faces": {
				"north": {"uv": [12, 4.25, 16, 4.75], "texture": "#0"},
				"east": {"uv": [12, 4.25, 12.5, 4.75], "texture": "#0"},
				"south": {"uv": [12, 5, 16, 5.5], "texture": "#0"},
				"west": {"uv": [15.5, 4.25, 16, 4.75], "texture": "#0"},
				"up": {"uv": [12, 5.75, 16, 6.25], "texture": "#0"},
				"down": {"uv": [12, 10, 16, 10.5], "texture": "#0"}
			}
		},
		{
			"name": "upper_ground_2",
			"from": [0, 16, 2],
			"to": [2, 18, 14],
			"rotation": {"angle": 0, "axis": "y", "origin": [1, 17, 8]},
			"faces": {
				"east": {"uv": [12, 4.25, 16, 4.75], "texture": "#0"},
				"west": {"uv": [12.5, 4.25, 15.5, 4.75], "texture": "#0"},
				"up": {"uv": [12, 6.25, 12.5, 9.25], "texture": "#0"},
				"down": {"uv": [12, 13.5, 12.5, 10.5], "texture": "#0"}
			}
		},
		{
			"name": "upper_ground_3",
			"from": [0, 16, 14],
			"to": [16, 18, 16],
			"rotation": {"angle": 0, "axis": "y", "origin": [8, 17, 15]},
			"faces": {
				"north": {"uv": [12, 5, 16, 5.5], "texture": "#0"},
				"east": {"uv": [15.5, 4.25, 16, 4.75], "texture": "#0"},
				"south": {"uv": [12, 4.25, 16, 4.75], "texture": "#0"},
				"west": {"uv": [12, 4.25, 12.5, 4.75], "texture": "#0"},
				"up": {"uv": [16, 6.25, 12, 5.75], "texture": "#0"},
				"down": {"uv": [16, 10.5, 12, 10], "texture": "#0"}
			}
		},
		{
			"name": "upper_ground_4",
			"from": [14, 16, 2],
			"to": [16, 18, 14],
			"rotation": {"angle": 0, "axis": "y", "origin": [15, 17, 8]},
			"faces": {
				"east": {"uv": [12.5, 4.25, 15.5, 4.75], "texture": "#0"},
				"west": {"uv": [12, 4.25, 16, 4.75], "texture": "#0"},
				"up": {"uv": [12.5, 9.25, 12, 6.25], "texture": "#0"},
				"down": {"uv": [12.5, 10.5, 12, 13.5], "texture": "#0"}
			}
		},
		{
			"name": "coil",
			"from": [3, 22, 3],
			"to": [13, 27, 13],
			"rotation": {"angle": 0, "axis": "y", "origin": [8, 24.5, 8]},
			"faces": {
				"north": {"uv": [0, 8.25, 2.5, 9.5], "texture": "#0"},
				"east": {"uv": [0, 8.25, 2.5, 9.5], "texture": "#0"},
				"south": {"uv": [0, 8.25, 2.5, 9.5], "texture": "#0"},
				"west": {"uv": [0, 8.25, 2.5, 9.5], "texture": "#0"},
				"up": {"uv": [9, 5.25, 6.5, 2.75], "texture": "#0"},
				"down": {"uv": [9, 5.5, 6.5, 8], "texture": "#0"}
			}
		},
		{
			"name": "platform",
			"from": [0, -12, 0],
			"to": [16, -11, 16],
			"rotation": {"angle": 0, "axis": "y", "origin": [0, -16, 0]},
			"faces": {
				"north": {"uv": [12, 0, 16, 0.25], "texture": "#0"},
				"east": {"uv": [12, 0, 16, 0.25], "texture": "#0"},
				"south": {"uv": [12, 0, 16, 0.25], "texture": "#0"},
				"west": {"uv": [12, 0, 16, 0.25], "texture": "#0"},
				"up": {"uv": [12, 0, 16, 4], "texture": "#0"},
				"down": {"uv": [12, 0, 16, 4], "texture": "#0"}
			}
		},
		{
			"name": "support",
			"from": [8, 13, 2],
			"to": [8, 15, 14],
			"rotation": {"angle": 0, "axis": "y", "origin": [8, 10, 3]},
			"faces": {
				"east": {"uv": [10, 2.5, 10.5, 5.5], "rotation": 90, "texture": "#0"},
				"west": {"uv": [10, 2.5, 10.5, 5.5], "rotation": 90, "texture": "#0"}
			}
		},
		{
			"name": "support_2",
			"from": [2, 13, 8],
			"to": [14, 15, 8],
			"rotation": {"angle": 0, "axis": "y", "origin": [8, 10, 8]},
			"faces": {
				"north": {"uv": [10, 2.5, 10.5, 5.5], "rotation": 90, "texture": "#0"},
				"south": {"uv": [10, 2.5, 10.5, 5.5], "rotation": 90, "texture": "#0"}
			}
		},
		{
			"name": "support_3",
			"from": [2, 16, 8],
			"to": [14, 18, 8],
			"rotation": {"angle": 0, "axis": "y", "origin": [8, 13, 8]},
			"faces": {
				"north": {"uv": [10, 2.5, 10.5, 5.5], "rotation": 90, "texture": "#0"},
				"south": {"uv": [10, 2.5, 10.5, 5.5], "rotation": 90, "texture": "#0"}
			}
		},
		{
			"name": "support_4",
			"from": [8, 16, 2],
			"to": [8, 18, 14],
			"rotation": {"angle": 0, "axis": "y", "origin": [8, 13, 3]},
			"faces": {
				"east": {"uv": [10, 2.5, 10.5, 5.5], "rotation": 90, "texture": "#0"},
				"west": {"uv": [10, 2.5, 10.5, 5.5], "rotation": 90, "texture": "#0"}
			}
		},
		{
			"name": "base",
			"from": [-1, -16, -1],
			"to": [17, -12, 17],
			"rotation": {"angle": 0, "axis": "y", "origin": [8, -14, 8]},
			"faces": {
				"north": {"uv": [10.75, 0, 11.75, 4.5], "rotation": 90, "texture": "#0"},
				"east": {"uv": [10.75, 0, 11.75, 4.5], "rotation": 90, "texture": "#0"},
				"south": {"uv": [10.75, 0, 11.75, 4.5], "rotation": 90, "texture": "#0"},
				"west": {"uv": [10.75, 0, 11.75, 4.5], "rotation": 90, "texture": "#0"},
				"up": {"uv": [0, 9.75, 4.5, 14.25], "texture": "#0"},
				"down": {"uv": [0, 9.75, 4.5, 14.25], "texture": "#0"}
			}
		},
		{
			"name": "spark_1",
			"from": [11, 17, 8],
			"to": [21, 27, 8],
			"rotation": {"angle": 0, "axis": "y", "origin": [11, 17, 8]},
			"faces": {
				"north": {"uv": [0, 0, 5, 5], "texture": "#1"},
				"south": {"uv": [5, 0, 0, 5], "texture": "#1"}
			}
		},
		{
			"name": "spark_2",
			"from": [11, 17, 15],
			"to": [11, 23, 21],
			"rotation": {"angle": 0, "axis": "y", "origin": [11, 17, 15]},
			"faces": {
				"east": {"uv": [9, 0, 6, 3], "texture": "#1"},
				"west": {"uv": [6, 0, 9, 3], "texture": "#1"}
			}
		},
		{
			"name": "spark_3",
			"from": [-5, 16, 10],
			"to": [1, 22, 10],
			"rotation": {"angle": 0, "axis": "y", "origin": [1, 16, 10]},
			"faces": {
				"north": {"uv": [12.5, 3.5, 9.5, 6.5], "rotation": 90, "texture": "#1"},
				"south": {"uv": [12.5, 6.5, 9.5, 3.5], "rotation": 90, "texture": "#1"}
			}
		},
		{
			"name": "spark_4",
			"from": [-6, 10, 4],
			"to": [0, 16, 4],
			"rotation": {"angle": 0, "axis": "y", "origin": [0, 16, 4]},
			"faces": {
				"north": {"uv": [9, 3.5, 6, 6.5], "texture": "#1"},
				"south": {"uv": [6, 3.5, 9, 6.5], "texture": "#1"}
			}
		},
		{
			"name": "spark_5",
			"from": [10, 22, -3],
			"to": [10, 28, 3],
			"rotation": {"angle": 0, "axis": "y", "origin": [10, 25, 3]},
			"faces": {
				"east": {"uv": [16, 0, 13, 3], "rotation": 90, "texture": "#1"},
				"west": {"uv": [16, 3, 13, 0], "rotation": 90, "texture": "#1"}
			}
		},
		{
			"name": "spark_6",
			"from": [5, 16, -6],
			"to": [5, 22, 0],
			"rotation": {"angle": 0, "axis": "y", "origin": [5, 19, 0]},
			"faces": {
				"east": {"uv": [13, 6.5, 16, 3.5], "rotation": 90, "texture": "#1"},
				"west": {"uv": [13, 3.5, 16, 6.5], "rotation": 90, "texture": "#1"}
			}
		},
		{
			"name": "spark_7",
			"from": [5, 26, 10],
			"to": [5, 32, 16],
			"rotation": {"angle": 0, "axis": "y", "origin": [5, 29, 10]},
			"faces": {
				"east": {"uv": [6, 3.5, 9, 6.5], "rotation": 90, "texture": "#1"},
				"west": {"uv": [6, 6.5, 9, 3.5], "rotation": 90, "texture": "#1"}
			}
		},
		{
			"name": "spark_8",
			"from": [-5, 18, 5],
			"to": [5, 28, 5],
			"rotation": {"angle": 0, "axis": "y", "origin": [5, 18, 5]},
			"faces": {
				"north": {"uv": [5, 5.5, 0, 10.5], "texture": "#1"},
				"south": {"uv": [0, 5.5, 5, 10.5], "texture": "#1"}
			}
		},
		{
			"name": "spark_9",
			"from": [16, 11, 4],
			"to": [22, 17, 4],
			"rotation": {"angle": 0, "axis": "y", "origin": [16, 17, 4]},
			"faces": {
				"north": {"uv": [9.5, 3.5, 12.5, 6.5], "rotation": 270, "texture": "#1"},
				"south": {"uv": [9.5, 6.5, 12.5, 3.5], "rotation": 270, "texture": "#1"}
			}
		}
	],
	"display": {
		"thirdperson_righthand": {
			"rotation": [56, 0, 0],
			"scale": [0.26, 0.26, 0.26]
		},
		"thirdperson_lefthand": {
			"rotation": [56, 0, 0],
			"scale": [0.26, 0.26, 0.26]
		},
		"firstperson_righthand": {
			"rotation": [21, -127, -32],
			"translation": [1.25, 2.75, 0],
			"scale": [0.26, 0.26, 0.26]
		},
		"firstperson_lefthand": {
			"rotation": [21, -127, -32],
			"translation": [1.25, 2.75, 0],
			"scale": [0.26, 0.26, 0.26]
		},
		"ground": {
			"rotation": [45, 0, 0],
			"translation": [0, 1.75, 0],
			"scale": [0.33, 0.33, 0.33]
		},
		"gui": {
			"rotation": [35, 135, 0],
			"translation": [0, 1, 0],
			"scale": [0.34, 0.34, 0.34]
		},
		"head": {
			"translation": [0, -3.25, 0],
			"scale": [1.6, 1.6, 1.6]
		},
		"fixed": {
			"rotation": [-90, 0, 0],
			"translation": [0, 0, -48],
			"scale": [2, 2, 2]
		}
	},
	"groups": [
		{
			"name": "tesla_coil",
			"origin": [8, 8, 8],
			"color": 0,
			"nbt": "{}",
			"children": [
				0,
				1,
				2,
				3,
				4,
				5,
				6,
				7,
				8,
				9,
				10,
				11,
				12,
				13,
				{
					"name": "grounds",
					"origin": [8, 17, 15],
					"color": 0,
					"nbt": "{}",
					"children": [14, 15, 16, 17, 18, 19, 20, 21]
				},
				22,
				23,
				{
					"name": "supports",
					"origin": [8, 13, 3],
					"color": 0,
					"nbt": "{}",
					"children": [24, 25, 26, 27]
				},
				28,
				{
					"name": "spark",
					"origin": [11, 17, 8],
					"color": 0,
					"nbt": "{}",
					"children": [29, 30, 31, 32, 33, 34, 35, 36, 37]
				}
			]
		}
	]
}