{
    "parent": "item/handheld",
    "textures": {
        "layer0": "item/diamond_sword"
    }

,

"overrides": [
    {"predicate": {"custom_model_data": 635},               "model": "item/mithril_sword"},
    {"predicate": {"custom_model_data": 637},               "model": "item/diamond_sword"},
	{"predicate": {"custom_model_data": 646},				"model": "item/jade_sword"},
	{"predicate": {"custom_model_data": 647},				"model": "item/ruby_sword"},
	{"predicate": {"custom_model_data": 649},				"model": "item/amethyst_sword"}
    ]
}