{
    "parent": "builtin/entity",
    "textures": {
        "particle": "block/dark_oak_planks"
    },
    "display": {
        "thirdperson_righthand": {
            "rotation": [ 0, 90, 0 ],
            "translation": [ 10, 6, -4 ],
            "scale": [ 1, 1, 1 ]
        },
        "thirdperson_lefthand": {
            "rotation": [ 0, 90, 0 ],
            "translation": [ 10, 6, 12 ],
            "scale": [ 1, 1, 1 ]
        },
        "firstperson_righthand": {
            "rotation": [ 0, 180, 5 ],
            "translation": [ -10, 2, -10 ],
            "scale": [ 1.25, 1.25, 1.25 ]
        },
        "firstperson_lefthand": {
            "rotation": [ 0, 180, 5 ],
            "translation": [ 10, 0, -10 ],
            "scale": [ 1.25, 1.25, 1.25 ]
        },
        "gui": {
            "rotation": [ 15, -25, -5 ],
            "translation": [ 2, 3, 0 ],
            "scale": [ 0.65, 0.65, 0.65 ]
        },
        "fixed": {
            "rotation": [ 0, 180, 0 ],
            "translation": [ -2, 4, -5],
            "scale":[ 0.5, 0.5, 0.5]
        },
        "ground": {
            "rotation": [ 0, 0, 0 ],
            "translation": [ 4, 4, 2],
            "scale":[ 0.25, 0.25, 0.25]
        }
    },
    "overrides": [
	{"predicate": {"blocking":1}, "model": "item/wood_shield_blocking"},
    {"predicate": {"custom_model_data":625}, "model": "item/wood_shield"},
    {"predicate": {"custom_model_data":627}, "model": "item/gold_shield"},
    {"predicate": {"custom_model_data":628}, "model": "item/tin_shield"},
    {"predicate": {"custom_model_data":629}, "model": "item/copper_shield"},
    {"predicate": {"custom_model_data":630}, "model": "item/bronze_shield"},
    {"predicate": {"custom_model_data":632}, "model": "item/iron_shield"},
    {"predicate": {"custom_model_data":633}, "model": "item/prismarine_shield"},
    {"predicate": {"custom_model_data":634}, "model": "item/quartz_shield"},
    {"predicate": {"custom_model_data":635}, "model": "item/mithril_shield"},
    {"predicate": {"custom_model_data":636}, "model": "item/adamantium_shield"},
    {"predicate": {"custom_model_data":637}, "model": "item/diamond_shield"},
    {"predicate": {"custom_model_data":638}, "model": "item/onyx_shield"},
    {"predicate": {"custom_model_data":639}, "model": "item/heliocolium_shield"}
    ]
}
