{
    "parent": "item/handheld",
    "textures": {
        "layer0": "item/trident"
    },
    "display": {
        "thirdperson_righthand": {
            "rotation": [ 180, -90, 55 ],
            "translation": [ 0, -5, 2 ],
            "scale": [ 1.3, 1.3, 1.3 ]
        },
        "thirdperson_lefthand": {
            "rotation": [ 180, 90, -55 ],
            "translation": [ 0, -5, 2 ],
            "scale": [ 1.3, 1.3, 1.3 ]
        },
        "firstperson_righthand": {
            "rotation": [ -45, -90, 25 ],
            "translation": [ 4, 0, -4 ],
            "scale": [ 0.68, 0.68, 0.68 ]
        },
        "firstperson_lefthand": {
            "rotation": [ -45, 90, -25 ],
            "translation": [ 4, 0, -4 ],
            "scale": [ 0.68, 0.68, 0.68 ]
        },
        "gui": {
            "rotation": [ 15, -25, -5 ],
            "translation": [ 2, 3, 0 ],
            "scale": [ 0.65, 0.65, 0.65 ]
        },
        "fixed": {
            "rotation": [ 0, 180, 0 ],
            "translation": [ -2, 4, -5],
            "scale":[ 0.5, 0.5, 0.5]
        },
        "ground": {
            "rotation": [ 0, 0, 0 ],
            "translation": [ 4, 4, 2],
            "scale":[ 0.25, 0.25, 0.25]
        }
    }
}
