{
    "textures": {
        "particle": "block/prismarine_bricks",
	"texture": "block/prismarine_bricks"
    },
    "display": {
        "thirdperson_righthand": {
            "rotation": [ 0, 90, 0 ],
            "translation": [ 10, 6, -4 ],
            "scale": [ 1, 1, 1 ]
        },
        "thirdperson_lefthand": {
            "rotation": [ 0, 90, 0 ],
            "translation": [ 10, 6, 12 ],
            "scale": [ 1, 1, 1 ]
        },
        "firstperson_righthand": {
            "rotation": [ 0, 180, 5 ],
            "translation": [ -10, 2, -10 ],
            "scale": [ 1.25, 1.25, 1.25 ]
        },
        "firstperson_lefthand": {
            "rotation": [ 0, 180, 5 ],
            "translation": [ 10, 0, -10 ],
            "scale": [ 1.25, 1.25, 1.25 ]
        },
        "gui": {
            "rotation": [ 15, -25, -5 ],
            "translation": [ 2, 3, 0 ],
            "scale": [ 0.65, 0.65, 0.65 ]
        },
        "fixed": {
            "rotation": [ 0, 180, 0 ],
            "translation": [ -2, 4, -5],
            "scale":[ 0.5, 0.5, 0.5]
        },
        "ground": {
            "rotation": [ 0, 0, 0 ],
            "translation": [ 4, 4, 2],
            "scale":[ 0.25, 0.25, 0.25]
        }
    },
    "elements": [
	{
		"from": [-6, -11, 1],
		"to": [6, 5, 2],
		"faces": {
			"down": { "uv": [0, 0, 12, 1], "texture": "#texture"},
			"up": { "uv": [0, 0, 12, 1], "texture": "#texture"},
			"north": { "uv": [0, 0, 12, 16], "texture": "#texture"},
			"south": { "uv": [0, 0, 12, 16], "texture": "#texture"},
			"west": { "uv": [0, 0, 1, 16], "texture": "#texture"},
			"east": { "uv": [0, 0, 1, 16], "texture": "#texture"}
		}
    },
    {
        "from": [-6, 5, 1],
        "to": [6, 11, 2],
        "faces": {
			"down": { "uv": [0, 0, 12, 1], "texture": "#texture"},
			"up": { "uv": [0, 0, 12, 1], "texture": "#texture"},
			"north": { "uv": [0, 10, 12, 16], "texture": "#texture"},
			"south": { "uv": [0, 10, 12, 16], "texture": "#texture"},
			"west": { "uv": [0, 0, 1, 6], "texture": "#texture"},
			"east": { "uv": [0, 0, 1, 6], "texture": "#texture"}
		}
    }
    ],
    "overrides": [
        {
            "predicate": {
                "blocking": 1
            },
            "model": "item/shield_blocking"
        }
    ]
}