{
    "parent": "builtin/entity",
    "display": {
        "thirdperson_righthand": {
            "rotation": [ 0, 60, 0 ],
            "translation": [ 11, 17, -2 ],
            "scale": [ 1, 1, 1 ]
        },
        "thirdperson_lefthand": {
            "rotation": [ 0, 60, 0 ],
            "translation": [ 3, 17, 12 ],
            "scale": [ 1, 1, 1 ]
        },
        "firstperson_righthand": {
            "rotation": [ 0, -90, 25 ],
            "translation": [ -3, 17, 1],
            "scale": [ 1, 1, 1 ]
        },
        "firstperson_lefthand": {
            "rotation": [ 0, 90, -25 ],
            "translation": [ 13, 17, 1],
            "scale": [ 1, 1, 1 ]
        },
        "gui": {
            "rotation": [ 15, -25, -5 ],
            "translation": [ 2, 3, 0 ],
            "scale": [ 0.65, 0.65, 0.65 ]
        },
        "fixed": {
            "rotation": [ 0, 180, 0 ],
            "translation": [ -2, 4, -5],
            "scale":[ 0.5, 0.5, 0.5]
        },
        "ground": {
            "rotation": [ 0, 0, 0 ],
            "translation": [ 4, 4, 2],
            "scale":[ 0.25, 0.25, 0.25]
        }
    },
    "overrides": [
	{"predicate": {"damage": 0.9520},               "model": "item/onyx_spear"},
        {"predicate": {"damage": 0.9560},               "model": "item/diamond_spear"},
	{"predicate": {"damage": 0.9600},               "model": "item/mithril_spear"},
        {"predicate": {"damage": 0.9640},               "model": "item/quartz_spear"},
	{"predicate": {"damage": 0.9680},               "model": "item/iron_spear"},
        {"predicate": {"damage": 0.9720},               "model": "item/bronze_spear"},
	{"predicate": {"damage": 0.9760},               "model": "item/prismarine_spear"},
        {"predicate": {"damage": 0.9800},               "model": "item/copper_spear"},
	{"predicate": {"damage": 0.9840},               "model": "item/stone_spear"},
        {"predicate": {"damage": 0.9880},               "model": "item/tin_spear"},
	{"predicate": {"damage": 0.9920},               "model": "item/golden_spear"},
        {"predicate": {"damage": 0.9960},               "model": "item/wooden_spear"},
	{"predicate": {
"throwing": 1
},
           	"model": "item/trident_throwing"}
    ]
}
