{
	"credit": "Made with Blockbench, by EnderIzzy124",
	"texture_size": [128, 128],
	"textures": {
		"0": "item/biplane_texture",
		"1": "item/biplane_propeller_blades_texture",
		"particle": "item/biplane_texture"
	},
	"elements": [
		{
			"name": "body",
			"from": [2.75, -4, -8.5],
			"to": [13.25, 5, 14],
			"rotation": {"angle": 0, "axis": "y", "origin": [7.25, 0.5, 8]},
			"faces": {
				"east": {"uv": [5.625, 7, 0, 9.25], "texture": "#0"},
				"south": {"uv": [8.75, 2.5, 11.375, 4.75], "texture": "#0"},
				"west": {"uv": [0, 7, 5.625, 9.25], "texture": "#0"},
				"up": {"uv": [8.625, 5.625, 6, 0], "texture": "#0"},
				"down": {"uv": [8.625, 5.75, 6, 11.375], "texture": "#0"}
			}
		},
		{
			"name": "tail",
			"from": [5, -1, 14],
			"to": [11, 5, 27.5],
			"rotation": {"angle": 0, "axis": "y", "origin": [9.5, 2, 22.25]},
			"faces": {
				"east": {"uv": [5.375, 9.25, 2, 10.75], "texture": "#0"},
				"south": {"uv": [11.75, 10.25, 13.25, 11.75], "texture": "#0"},
				"west": {"uv": [2, 9.25, 5.375, 10.75], "texture": "#0"},
				"up": {"uv": [10.25, 13.625, 8.75, 10.25], "texture": "#0"},
				"down": {"uv": [11.75, 10.25, 10.25, 13.625], "texture": "#0"}
			}
		},
		{
			"name": "propeller_blades",
			"from": [1.25, -5.5, -10.75],
			"to": [14.75, 8, -10.75],
			"rotation": {"angle": 45, "axis": "z", "origin": [8, 1.25, -10.75]},
			"faces": {
				"north": {"uv": [1, 1, 15, 15], "texture": "#1"},
				"south": {"uv": [15, 1, 1, 15], "texture": "#1"}
			}
		},
		{
			"name": "propeller_axel",
			"from": [8, 0.125, -10.75],
			"to": [8, 0.875, -10],
			"rotation": {"angle": 0, "axis": "y", "origin": [8, 0.5, -10.375]},
			"faces": {
				"east": {"uv": [5.75, 9, 6, 9.25], "texture": "#0"},
				"west": {"uv": [5.5, 10.375, 5.59375, 10.46875], "texture": "#0"}
			}
		},
		{
			"name": "propeller_base",
			"from": [4.25, -3.25, -10],
			"to": [11.75, 4.25, -9.25],
			"rotation": {"angle": 0, "axis": "y", "origin": [8, 0.5, -9.625]},
			"faces": {
				"north": {"uv": [11, 4.75, 12.875, 6.625], "texture": "#0"},
				"east": {"uv": [6, 7, 5.75, 8.875], "texture": "#0"},
				"west": {"uv": [5.75, 7, 6, 8.875], "texture": "#0"},
				"up": {"uv": [14.625, 2.25, 12.75, 2], "texture": "#0"},
				"down": {"uv": [14.625, 2.25, 12.75, 2.5], "texture": "#0"}
			}
		},
		{
			"name": "propeller_engine",
			"from": [2.375, -4.375, -9.25],
			"to": [13.625, 5.375, -5.5],
			"rotation": {"angle": 0, "axis": "y", "origin": [8.375, -0.625, -8.875]},
			"faces": {
				"north": {"uv": [8.75, 0, 11.625, 2.5], "texture": "#0"},
				"east": {"uv": [12.75, 0, 11.75, 2.5], "texture": "#0"},
				"south": {"uv": [14.625, 4.625, 16, 5.875], "texture": "#0"},
				"west": {"uv": [11.75, 0, 12.75, 2.5], "texture": "#0"},
				"up": {"uv": [13.875, 7.75, 11, 6.75], "texture": "#0"},
				"down": {"uv": [13.875, 7.75, 11, 8.75], "texture": "#0"}
			}
		},
		{
			"name": "left_wings_top",
			"from": [-16, 10.999, -4.75],
			"to": [8, 10.999, 8.75],
			"rotation": {"angle": 0, "axis": "y", "origin": [-4, 10.999, 2]},
			"faces": {
				"up": {"uv": [6, 3.375, 0, 0], "texture": "#0", "tintindex": 0},
				"down": {"uv": [6, 3.5, 0, 6.875], "texture": "#0", "tintindex": 0}
			}
		},
		{
			"name": "left_wings_bottom",
			"from": [-16, 0.5, -4.75],
			"to": [2.75, 0.5, 8.75],
			"rotation": {"angle": 0, "axis": "y", "origin": [-6.625, 0.5, 2]},
			"faces": {
				"up": {"uv": [6, 3.375, 1.3125, 0], "texture": "#0", "tintindex": 0},
				"down": {"uv": [6, 3.5, 1.3125, 6.875], "texture": "#0", "tintindex": 0}
			}
		},
		{
			"name": "left_support_outer",
			"from": [-7, 0.5, -3.25],
			"to": [1.5, 11, 5.75],
			"rotation": {"angle": 0, "axis": "y", "origin": [-1.75, 5.75, 1.25]},
			"faces": {
				"east": {"uv": [8.75, 4.75, 11, 7.375], "texture": "#0"},
				"west": {"uv": [8.75, 7.5, 11, 10.125], "texture": "#0"}
			}
		},
		{
			"name": "left_support_outer_inverted",
			"from": [1.5, 11, 5.75],
			"to": [-7, 0.5, -3.25],
			"rotation": {"angle": 0, "axis": "y", "origin": [-1.75, 5.75, 1.25]},
			"faces": {
				"east": {"uv": [8.75, 10.125, 11, 7.5], "texture": "#0"},
				"west": {"uv": [8.75, 7.375, 11, 4.75], "texture": "#0"}
			}
		},
		{
			"name": "left_gun",
			"from": [-7.75, -1, -5.5],
			"to": [-4.75, 2, 0.5],
			"rotation": {"angle": 0, "axis": "y", "origin": [-6.25, 0.5, -2.5]},
			"faces": {
				"north": {"uv": [11.75, 12.75, 12.5, 13.5], "texture": "#0"},
				"east": {"uv": [5.75, 10.75, 4.25, 11.5], "texture": "#0"},
				"south": {"uv": [12.5, 12.75, 13.25, 13.5], "texture": "#0"},
				"west": {"uv": [4.25, 10.75, 5.75, 11.5], "texture": "#0"},
				"up": {"uv": [8.75, 13, 8, 11.5], "texture": "#0"},
				"down": {"uv": [15.875, 1.5, 15.125, 0], "texture": "#0"}
			}
		},
		{
			"name": "left_gun_barrel",
			"from": [-5.25, -0.625, -11.5],
			"to": [-5.25, 1.625, -5.5],
			"rotation": {"angle": 0, "axis": "y", "origin": [-5.25, 0.5, -5.5]},
			"faces": {
				"east": {"uv": [11.5, 4, 13, 4.625], "texture": "#0"},
				"west": {"uv": [13, 4, 11.5, 4.625], "texture": "#0"}
			}
		},
		{
			"name": "right_wings_top",
			"from": [8, 10.999, -4.75],
			"to": [32, 10.999, 8.75],
			"rotation": {"angle": 0, "axis": "y", "origin": [20, 10.999, 2]},
			"faces": {
				"up": {"uv": [0, 3.375, 6, 0], "texture": "#0", "tintindex": 0},
				"down": {"uv": [0, 3.5, 6, 6.875], "texture": "#0", "tintindex": 0}
			}
		},
		{
			"name": "right_wings_bottom",
			"from": [13.25, 0.5, -4.75],
			"to": [32, 0.5, 8.75],
			"rotation": {"angle": 0, "axis": "y", "origin": [22.625, 0.5, 2]},
			"faces": {
				"up": {"uv": [1.3125, 3.375, 6, 0], "texture": "#0", "tintindex": 0},
				"down": {"uv": [1.3125, 3.5, 6, 6.875], "texture": "#0", "tintindex": 0}
			}
		},
		{
			"name": "right_support_outer",
			"from": [14.5, 0.5, -3.25],
			"to": [23, 11, 5.75],
			"rotation": {"angle": 0, "axis": "y", "origin": [17.75, 5.75, 1.25]},
			"faces": {
				"east": {"uv": [11, 7.5, 8.75, 10.125], "texture": "#0"},
				"west": {"uv": [11, 4.75, 8.75, 7.375], "texture": "#0"}
			}
		},
		{
			"name": "right_support_outer_inverted",
			"from": [23, 11, 5.75],
			"to": [14.5, 0.5, -3.25],
			"rotation": {"angle": 0, "axis": "y", "origin": [17.75, 5.75, 1.25]},
			"faces": {
				"east": {"uv": [11, 7.375, 8.75, 4.75], "texture": "#0"},
				"west": {"uv": [11, 10.125, 8.75, 7.5], "texture": "#0"}
			}
		},
		{
			"name": "right_gun",
			"from": [20.75, -1, -5.5],
			"to": [23.75, 2, 0.5],
			"rotation": {"angle": 0, "axis": "y", "origin": [22.25, 0.5, -2.5]},
			"faces": {
				"north": {"uv": [12.5, 12.75, 11.75, 13.5], "texture": "#0"},
				"east": {"uv": [5.75, 10.75, 4.25, 11.5], "texture": "#0"},
				"south": {"uv": [13.25, 12.75, 12.5, 13.5], "texture": "#0"},
				"west": {"uv": [4.25, 10.75, 5.75, 11.5], "texture": "#0"},
				"up": {"uv": [8, 13, 8.75, 11.5], "texture": "#0"}
			}
		},
		{
			"name": "right_gun_barrel",
			"from": [21.25, -0.625, -11.5],
			"to": [21.25, 1.625, -5.5],
			"rotation": {"angle": 0, "axis": "y", "origin": [22.25, 0.5, -5.5]},
			"faces": {
				"east": {"uv": [11.5, 4, 13, 4.625], "texture": "#0"},
				"west": {"uv": [13, 4, 11.5, 4.625], "texture": "#0"}
			}
		},
		{
			"name": "cockpit_1",
			"from": [3.5, 5, -4.5],
			"to": [12.5, 8.75, 4.5],
			"rotation": {"angle": 0, "axis": "y", "origin": [3.5, 5, -4.5]},
			"faces": {
				"north": {"uv": [11.75, 11.75, 14, 12.75], "texture": "#0"},
				"east": {"uv": [15, 1, 12.75, 2], "texture": "#0"},
				"south": {"uv": [12.75, 0, 15, 1], "texture": "#0"},
				"west": {"uv": [12.75, 1, 15, 2], "texture": "#0"},
				"up": {"uv": [4.25, 13, 2, 10.75], "texture": "#0"}
			}
		},
		{
			"name": "cockpit_2",
			"from": [4.5, 5, 4.5],
			"to": [11.5, 7.5, 10.5],
			"rotation": {"angle": 0, "axis": "y", "origin": [4.5, 5, 4.5]},
			"faces": {
				"east": {"uv": [1.5, 12.25, 0, 12.875], "texture": "#0"},
				"south": {"uv": [13, 0.375, 14.75, 1], "texture": "#0"},
				"west": {"uv": [0, 12.25, 1.5, 12.875], "texture": "#0"},
				"up": {"uv": [8, 13, 6.25, 11.5], "texture": "#0"}
			}
		},
		{
			"name": "left_wheel",
			"from": [4.25, -10, -7],
			"to": [4.25, -4, 0.5],
			"rotation": {"angle": -22.5, "axis": "z", "origin": [4.25, -4, -3.25]},
			"faces": {
				"east": {"uv": [11.5, 2.5, 13.375, 4], "texture": "#0"},
				"west": {"uv": [13.375, 2.5, 11.5, 4], "texture": "#0"}
			}
		},
		{
			"name": "right_wheel",
			"from": [11.75, -10, -7],
			"to": [11.75, -4, 0.5],
			"rotation": {"angle": 22.5, "axis": "z", "origin": [11.75, -4, -3.25]},
			"faces": {
				"east": {"uv": [11.5, 2.5, 13.375, 4], "texture": "#0"},
				"west": {"uv": [13.375, 2.5, 11.5, 4], "texture": "#0"}
			}
		},
		{
			"name": "back_wheel",
			"from": [8, -7, 18.5],
			"to": [8, -1, 26],
			"rotation": {"angle": 0, "axis": "y", "origin": [8, -1, 22.25]},
			"faces": {
				"east": {"uv": [6.125, 11.5, 4.25, 13], "texture": "#0"},
				"west": {"uv": [4.25, 11.5, 6.125, 13], "texture": "#0"}
			}
		},
		{
			"name": "tail_fin",
			"from": [8, -1, 24.5],
			"to": [8, 11, 32],
			"rotation": {"angle": 0, "axis": "y", "origin": [8, 2, 26.25]},
			"faces": {
				"east": {"uv": [1.875, 9.25, 0, 12.25], "texture": "#0"},
				"west": {"uv": [0, 9.25, 1.875, 12.25], "texture": "#0"}
			}
		},
		{
			"name": "left_fin",
			"from": [-1.5, 2, 23.5],
			"to": [8, 2, 28.5],
			"rotation": {"angle": 0, "axis": "y", "origin": [8, 2, 26]},
			"faces": {
				"up": {"uv": [14.75, 4.5, 16, 2.125], "rotation": 90, "texture": "#0"},
				"down": {"uv": [16, 4.5, 14.75, 2.125], "rotation": 90, "texture": "#0"}
			}
		},
		{
			"name": "right_fin",
			"from": [8, 2, 23.5],
			"to": [17.5, 2, 28.5],
			"rotation": {"angle": 0, "axis": "y", "origin": [8, 2, 26]},
			"faces": {
				"up": {"uv": [14.75, 2.125, 16, 4.5], "rotation": 90, "texture": "#0"},
				"down": {"uv": [16, 2.125, 14.75, 4.5], "rotation": 90, "texture": "#0"}
			}
		}
	],
	"gui_light": "front",
	"display": {
		"thirdperson_righthand": {
			"rotation": [69, 44, -52],
			"translation": [0, 4.25, 0],
			"scale": [0.28, 0.28, 0.28]
		},
		"firstperson_righthand": {
			"rotation": [78.56, -23.24, 62.9],
			"translation": [0, 4.5, 0],
			"scale": [0.26, 0.26, 0.26]
		},
		"firstperson_lefthand": {
			"rotation": [78.56, -23.24, 62.9],
			"translation": [0, 4.5, 0],
			"scale": [0.26, 0.26, 0.26]
		},
		"ground": {
			"scale": [0.2, 0.2, 0.2]
		},
		"gui": {
			"rotation": [30, 135, 0],
			"translation": [0.75, 1, 0],
			"scale": [0.32, 0.32, 0.32]
		},
		"head": {
			"translation": [0, 5.5, 22.5],
			"scale": [3.2, 3.2, 3.2]
		},
		"fixed": {
			"rotation": [-90, 0, 0],
			"translation": [0, 0, -13.75]
		}
	},
	"groups": [
		{
			"name": "biplane",
			"origin": [8, 8, 8],
			"color": 0,
			"nbt": "{}",
			"children": [
				0,
				1,
				2,
				3,
				4,
				5,
				{
					"name": "left_wing",
					"origin": [-6.25, 0.5, -5.5],
					"color": 0,
					"nbt": "{}",
					"children": [6, 7, 8, 9, 10, 11]
				},
				{
					"name": "right_wing",
					"origin": [-6.25, 0.5, -5.5],
					"color": 0,
					"nbt": "{}",
					"children": [12, 13, 14, 15, 16, 17]
				},
				18,
				19,
				20,
				21,
				22,
				23,
				24,
				25
			]
		}
	]
}