{
    "parent": "minecraft:item/generated",
    "textures": {
        "layer0": "item/trident"
    }
,

"overrides": [
	    {"predicate": {"custom_model_data": 625},               "model": "item/wooden_spear"},
        {"predicate": {"custom_model_data": 626},               "model": "item/stone_spear"},
        {"predicate": {"custom_model_data": 627},               "model": "item/golden_spear"},
        {"predicate": {"custom_model_data": 628},               "model": "item/tin_spear"},
        {"predicate": {"custom_model_data": 629},               "model": "item/copper_spear"},
        {"predicate": {"custom_model_data": 630},               "model": "item/bronze_spear"},
        {"predicate": {"custom_model_data": 632},               "model": "item/iron_spear"},
        {"predicate": {"custom_model_data": 633},               "model": "item/prismarine_spear"},
        {"predicate": {"custom_model_data": 634},               "model": "item/quartz_spear"},
        {"predicate": {"custom_model_data": 635},               "model": "item/mithril_spear"},
        {"predicate": {"custom_model_data": 636},               "model": "item/adamantium_spear"},
        {"predicate": {"custom_model_data": 637},               "model": "item/diamond_spear"},
        {"predicate": {"custom_model_data": 638},               "model": "item/onyx_spear"},
        {"predicate": {"custom_model_data": 639},               "model": "item/heliocolium_spear"}
    ]
}
