{
    "parent": "builtin/entity",
    "display": {
        "thirdperson_righthand": {
            "rotation": [ 0, 90, 180 ],
            "translation": [ 8, -17, 9 ],
            "scale": [ 1, 1, 1 ]
        },
        "thirdperson_lefthand": {
            "rotation": [ 0, 90, 180 ],
            "translation": [ 8, -17, -7 ],
            "scale": [ 1, 1, 1 ]
        },
        "firstperson_righthand": {
            "rotation": [ 0, -90, 25 ],
            "translation": [ -3, 17, 1],
            "scale": [ 1, 1, 1 ]
        },
        "firstperson_lefthand": {
            "rotation": [ 0, 90, -25 ],
            "translation": [  13, 17, 1],
            "scale": [ 1, 1, 1 ]
        },
        "gui": {
            "rotation": [ 15, -25, -5 ],
            "translation": [ 2, 3, 0 ],
            "scale": [ 0.65, 0.65, 0.65 ]
        },
        "fixed": {
            "rotation": [ 0, 180, 0 ],
            "translation": [ -2, 4, -5],
            "scale":[ 0.5, 0.5, 0.5]
        },
        "ground": {
            "rotation": [ 0, 0, 0 ],
            "translation": [ 4, 4, 2],
            "scale":[ 0.25, 0.25, 0.25]
        }
    }
,
    "overrides": [
        {"predicate": {"custom_model_data": 625},               "model": "item/wooden_spear"},
        {"predicate": {"custom_model_data": 626},               "model": "item/stone_spear"},
        {"predicate": {"custom_model_data": 627},               "model": "item/golden_spear"},
        {"predicate": {"custom_model_data": 628},               "model": "item/tin_spear"},
        {"predicate": {"custom_model_data": 629},               "model": "item/copper_spear"},
        {"predicate": {"custom_model_data": 630},               "model": "item/bronze_spear"},
        {"predicate": {"custom_model_data": 632},               "model": "item/iron_spear"},
        {"predicate": {"custom_model_data": 633},               "model": "item/prismarine_spear"},
        {"predicate": {"custom_model_data": 634},               "model": "item/quartz_spear"},
        {"predicate": {"custom_model_data": 635},               "model": "item/mithril_spear"},
        {"predicate": {"custom_model_data": 636},               "model": "item/adamantium_spear"},
        {"predicate": {"custom_model_data": 637},               "model": "item/diamond_spear"},
        {"predicate": {"custom_model_data": 638},               "model": "item/onyx_spear"},
        {"predicate": {"custom_model_data": 639},               "model": "item/heliocolium_spear"}
    ]
}
