{
	"credit": "Made with Blockbench",
	"textures": {
		"particle": "item/amethyst_shield",
		"texture": "item/amethyst_shield"
	},
	"gui_light": "front",
	"elements": [
		{
			"from": [7.5, 10, 8],
			"to": [8.5, 11, 13],
			"faces": {
				"north": {"uv": [0, 14, 1, 15], "texture": "#texture"},
				"east": {"uv": [0, 14, 1, 15], "texture": "#texture"},
				"south": {"uv": [0, 14, 1, 15], "texture": "#texture"},
				"west": {"uv": [0, 14, 1, 15], "texture": "#texture"},
				"up": {"uv": [0, 14, 1, 15], "texture": "#texture"},
				"down": {"uv": [0, 14, 1, 15], "texture": "#texture"}
			}
		},
		{
			"from": [7.5, 6, 12],
			"to": [8.5, 10, 13],
			"faces": {
				"north": {"uv": [0, 14, 1, 15], "rotation": 90, "texture": "#texture"},
				"east": {"uv": [0, 14, 1, 15], "rotation": 90, "texture": "#texture"},
				"south": {"uv": [0, 14, 1, 15], "rotation": 90, "texture": "#texture"},
				"west": {"uv": [0, 14, 1, 15], "rotation": 90, "texture": "#texture"},
				"up": {"uv": [0, 14, 1, 15], "rotation": 90, "texture": "#texture"},
				"down": {"uv": [0, 14, 1, 15], "rotation": 90, "texture": "#texture"}
			}
		},
		{
			"from": [7.5, 5, 8],
			"to": [8.5, 6, 13],
			"faces": {
				"north": {"uv": [0, 14, 1, 15], "texture": "#texture"},
				"east": {"uv": [0, 14, 1, 15], "texture": "#texture"},
				"south": {"uv": [0, 14, 1, 15], "texture": "#texture"},
				"west": {"uv": [0, 14, 1, 15], "texture": "#texture"},
				"up": {"uv": [0, 14, 1, 15], "texture": "#texture"},
				"down": {"uv": [0, 14, 1, 15], "texture": "#texture"}
			}
		},
		{
			"name": "1",
			"from": [7, 0, 6.5],
			"to": [9, 1, 7.5],
			"rotation": {"angle": 0, "axis": "y", "origin": [10, 7, 8]},
			"faces": {
				"north": {"uv": [7, 15, 9, 16], "texture": "#texture"},
				"east": {"uv": [7, 15, 9, 16], "texture": "#texture"},
				"south": {"uv": [7, 15, 9, 16], "texture": "#texture"},
				"west": {"uv": [7, 15, 9, 16], "texture": "#texture"},
				"up": {"uv": [7, 15, 9, 16], "texture": "#texture"},
				"down": {"uv": [7, 15, 9, 16], "texture": "#texture"}
			}
		},
		{
			"name": "2",
			"from": [5, 1, 6.5],
			"to": [11, 2, 7.5],
			"rotation": {"angle": 0, "axis": "y", "origin": [10, 7, 8]},
			"faces": {
				"north": {"uv": [5, 14, 11, 15], "texture": "#texture"},
				"east": {"uv": [5, 14, 6, 15], "texture": "#texture"},
				"south": {"uv": [5, 14, 11, 15], "texture": "#texture"},
				"west": {"uv": [10, 14, 11, 15], "texture": "#texture"},
				"up": {"uv": [5, 14, 11, 15], "texture": "#texture"},
				"down": {"uv": [5, 14, 11, 15], "texture": "#texture"}
			}
		},
		{
			"name": "3",
			"from": [4, 2, 6.5],
			"to": [12, 3, 7.5],
			"rotation": {"angle": 0, "axis": "y", "origin": [9, 4, 8]},
			"faces": {
				"north": {"uv": [4, 13, 12, 14], "texture": "#texture"},
				"east": {"uv": [4, 13, 5, 14], "texture": "#texture"},
				"south": {"uv": [4, 13, 12, 14], "texture": "#texture"},
				"west": {"uv": [11, 13, 12, 14], "texture": "#texture"},
				"up": {"uv": [4, 13, 12, 14], "texture": "#texture"},
				"down": {"uv": [4, 13, 12, 14], "texture": "#texture"}
			}
		},
		{
			"name": "4",
			"from": [3, 3, 6.5],
			"to": [13, 5, 7.5],
			"rotation": {"angle": 0, "axis": "y", "origin": [10, 5, 8]},
			"faces": {
				"north": {"uv": [3, 11, 13, 13], "texture": "#texture"},
				"east": {"uv": [3, 11, 4, 13], "texture": "#texture"},
				"south": {"uv": [3, 11, 13, 13], "texture": "#texture"},
				"west": {"uv": [12, 11, 13, 13], "texture": "#texture"},
				"up": {"uv": [3, 11, 13, 13], "texture": "#texture"},
				"down": {"uv": [3, 11, 13, 13], "texture": "#texture"}
			}
		},
		{
			"name": "5",
			"from": [2, 5, 6.5],
			"to": [14, 9, 7.5],
			"rotation": {"angle": 0, "axis": "y", "origin": [9, -1, 8]},
			"faces": {
				"north": {"uv": [2, 7, 14, 11], "texture": "#texture"},
				"east": {"uv": [2, 7, 3, 11], "texture": "#texture"},
				"south": {"uv": [2, 7, 14, 11], "texture": "#texture"},
				"west": {"uv": [13, 7, 14, 11], "texture": "#texture"},
				"up": {"uv": [2, 7, 14, 11], "texture": "#texture"},
				"down": {"uv": [2, 7, 14, 11], "texture": "#texture"}
			}
		},
		{
			"name": "6",
			"from": [1, 9, 6.5],
			"to": [15, 11, 7.5],
			"rotation": {"angle": 0, "axis": "y", "origin": [10, 16, 8]},
			"faces": {
				"north": {"uv": [1, 5, 15, 7], "texture": "#texture"},
				"east": {"uv": [1, 5, 2, 7], "texture": "#texture"},
				"south": {"uv": [1, 5, 15, 7], "texture": "#texture"},
				"west": {"uv": [14, 5, 15, 7], "texture": "#texture"},
				"up": {"uv": [1, 5, 15, 7], "texture": "#texture"},
				"down": {"uv": [1, 5, 15, 7], "texture": "#texture"}
			}
		},
		{
			"name": "7",
			"from": [0, 11, 6.5],
			"to": [16, 13, 7.5],
			"rotation": {"angle": 0, "axis": "y", "origin": [10, 18, 8]},
			"faces": {
				"north": {"uv": [0, 3, 16, 5], "texture": "#texture"},
				"east": {"uv": [0, 3, 1, 5], "texture": "#texture"},
				"south": {"uv": [0, 3, 16, 5], "texture": "#texture"},
				"west": {"uv": [15, 3, 16, 5], "texture": "#texture"},
				"up": {"uv": [0, 3, 16, 5], "texture": "#texture"},
				"down": {"uv": [0, 3, 16, 5], "texture": "#texture"}
			}
		},
		{
			"name": "8",
			"from": [2, 13, 6.5],
			"to": [14, 14, 7.5],
			"rotation": {"angle": 0, "axis": "y", "origin": [10, 20, 8]},
			"faces": {
				"north": {"uv": [2, 2, 14, 3], "texture": "#texture"},
				"east": {"uv": [2, 2, 3, 3], "texture": "#texture"},
				"south": {"uv": [2, 2, 14, 3], "texture": "#texture"},
				"west": {"uv": [13, 2, 14, 3], "texture": "#texture"},
				"up": {"uv": [2, 2, 14, 3], "texture": "#texture"},
				"down": {"uv": [2, 2, 14, 3], "texture": "#texture"}
			}
		},
		{
			"name": "9",
			"from": [9, 14, 6.5],
			"to": [14, 15, 7.5],
			"rotation": {"angle": 0, "axis": "y", "origin": [10, 21, 8]},
			"faces": {
				"north": {"uv": [2, 1, 7, 2], "texture": "#texture"},
				"east": {"uv": [2, 1, 3, 2], "texture": "#texture"},
				"south": {"uv": [2, 1, 7, 2], "texture": "#texture"},
				"west": {"uv": [6, 1, 7, 2], "texture": "#texture"},
				"up": {"uv": [2, 1, 7, 2], "texture": "#texture"},
				"down": {"uv": [2, 1, 7, 2], "texture": "#texture"}
			}
		},
		{
			"name": "10",
			"from": [2, 14, 6.5],
			"to": [7, 15, 7.5],
			"rotation": {"angle": 0, "axis": "y", "origin": [3, 21, 8]},
			"faces": {
				"north": {"uv": [9, 1, 14, 2], "texture": "#texture"},
				"east": {"uv": [9, 1, 10, 2], "texture": "#texture"},
				"south": {"uv": [9, 1, 14, 2], "texture": "#texture"},
				"west": {"uv": [13, 1, 14, 2], "texture": "#texture"},
				"up": {"uv": [9, 1, 14, 2], "texture": "#texture"},
				"down": {"uv": [9, 1, 14, 2], "texture": "#texture"}
			}
		},
		{
			"name": "11",
			"from": [10, 15, 6.5],
			"to": [14, 16, 7.5],
			"rotation": {"angle": 0, "axis": "y", "origin": [10, 22, 8]},
			"faces": {
				"north": {"uv": [2, 0, 6, 1], "texture": "#texture"},
				"east": {"uv": [2, 0, 3, 1], "texture": "#texture"},
				"south": {"uv": [2, 0, 6, 1], "texture": "#texture"},
				"west": {"uv": [5, 0, 6, 1], "texture": "#texture"},
				"up": {"uv": [2, 0, 6, 1], "texture": "#texture"},
				"down": {"uv": [2, 0, 6, 1], "texture": "#texture"}
			}
		},
		{
			"name": "12",
			"from": [2, 15, 6.5],
			"to": [6, 16, 7.5],
			"rotation": {"angle": 0, "axis": "y", "origin": [2, 22, 8]},
			"faces": {
				"north": {"uv": [10, 0, 14, 1], "texture": "#texture"},
				"east": {"uv": [10, 0, 11, 1], "texture": "#texture"},
				"south": {"uv": [10, 0, 14, 1], "texture": "#texture"},
				"west": {"uv": [13, 0, 14, 1], "texture": "#texture"},
				"up": {"uv": [10, 0, 14, 1], "texture": "#texture"},
				"down": {"uv": [10, 0, 14, 1], "texture": "#texture"}
			}
		},
		{
			"from": [6.5, 10, 7],
			"to": [9.5, 11, 8],
			"faces": {
				"north": {"uv": [0, 15, 1, 16], "texture": "#texture"},
				"east": {"uv": [0, 15, 1, 16], "texture": "#texture"},
				"south": {"uv": [0, 15, 1, 16], "texture": "#texture"},
				"west": {"uv": [0, 15, 1, 16], "texture": "#texture"},
				"up": {"uv": [0, 15, 1, 16], "texture": "#texture"},
				"down": {"uv": [0, 15, 1, 16], "texture": "#texture"}
			}
		},
		{
			"from": [6.5, 5, 7],
			"to": [9.5, 6, 8],
			"faces": {
				"north": {"uv": [0, 15, 1, 16], "texture": "#texture"},
				"east": {"uv": [0, 15, 1, 16], "texture": "#texture"},
				"south": {"uv": [0, 15, 1, 16], "texture": "#texture"},
				"west": {"uv": [0, 15, 1, 16], "texture": "#texture"},
				"up": {"uv": [0, 15, 1, 16], "texture": "#texture"},
				"down": {"uv": [0, 15, 1, 16], "texture": "#texture"}
			}
		},
		{
			"from": [11.5, 10, 7],
			"to": [12, 10.5, 11],
			"faces": {
				"north": {"uv": [0, 14, 1, 15], "texture": "#texture"},
				"east": {"uv": [0, 14, 1, 15], "texture": "#texture"},
				"south": {"uv": [0, 14, 1, 15], "texture": "#texture"},
				"west": {"uv": [0, 14, 1, 15], "texture": "#texture"},
				"up": {"uv": [0, 14, 1, 15], "texture": "#texture"},
				"down": {"uv": [0, 14, 1, 15], "texture": "#texture"}
			}
		},
		{
			"from": [11.5, 5.5, 7],
			"to": [12, 6, 11],
			"faces": {
				"north": {"uv": [0, 14, 1, 15], "texture": "#texture"},
				"east": {"uv": [0, 14, 1, 15], "texture": "#texture"},
				"south": {"uv": [0, 14, 1, 15], "texture": "#texture"},
				"west": {"uv": [0, 14, 1, 15], "texture": "#texture"},
				"up": {"uv": [0, 14, 1, 15], "texture": "#texture"},
				"down": {"uv": [0, 14, 1, 15], "texture": "#texture"}
			}
		},
		{
			"from": [11.5, 6, 10.5],
			"to": [12, 10, 11],
			"faces": {
				"north": {"uv": [0, 14, 1, 15], "texture": "#texture"},
				"east": {"uv": [0, 14, 1, 15], "texture": "#texture"},
				"south": {"uv": [0, 14, 1, 15], "texture": "#texture"},
				"west": {"uv": [0, 14, 1, 15], "texture": "#texture"},
				"up": {"uv": [0, 14, 1, 15], "texture": "#texture"},
				"down": {"uv": [0, 14, 1, 15], "texture": "#texture"}
			}
		}
	],
	"overrides": [
		{
			"predicate": {
				"lefthanded": 1
			},
			"model": "item/shield_lh"
		},
		{
			"predicate": {
				"blocking": 1
			},
			"model": "item/shield_blocking"
		}
	],
	"display": {
		"thirdperson_righthand": {
        "rotation": [ 0, -90, 0 ],
        "translation": [ 2.3, -2, 5 ],
        "scale": [ 1, 1, 1 ]
    },
    "thirdperson_lefthand": {
        "rotation": [ 0, -90, 0 ],
        "translation": [ 2.3, -2, 5 ],
        "scale": [ 1, 1, 1 ]
    },
    "head": {
        "rotation": [ 0, 0, 0 ],
        "translation": [ 0, 0, -7.56 ],
        "scale": [ 1, 1, 1 ]
    },
    "ground": {
        "rotation": [ 0, 0, 0 ],
        "translation": [ 0, 2, 0 ],
        "scale": [ 0.5, 0.5, 0.5 ]
    },
    "fixed": {
        "rotation": [ 0, 0, 0 ],
        "translation": [ 0, 0, -0.38 ],
        "scale": [ 2, 2, 2 ]
    },
    "firstperson_righthand": {
        "rotation": [ 0, -15, 15 ],
        "translation": [ 2, -2.5, 0 ],
        "scale": [ 1, 1, 1 ]
    },
    "firstperson_lefthand": {
        "rotation": [ 0, -15, 15 ],
        "translation": [ 2, -2.5, 0 ],
        "scale": [ 1, 1, 1 ]
    },
    "gui": {
        "rotation": [ 0, 180, 0 ],
        "translation": [ 0, 0, 0 ],
        "scale": [ 1, 1, 1 ]
		}
	}
}