{
	"credit": "Made with Blockbench, by EnderIzzy124",
	"textures": {
		"0": "item/fancy_missile_texture",
		"1": "item/missile_thrust",
		"particle": "item/fancy_missile_texture"
	},
	"elements": [
		{
			"name": "missile_body",
			"from": [7, 7, 0.5],
			"to": [9, 9, 14.5],
			"rotation": {"angle": 0, "axis": "y", "origin": [8, 8, 6.5]},
			"faces": {
				"north": {"uv": [7, 11, 9, 13], "texture": "#0"},
				"east": {"uv": [14, 0, 0, 2], "texture": "#0"},
				"south": {"uv": [0, 7, 2, 9], "texture": "#1"},
				"west": {"uv": [0, 0, 14, 2], "texture": "#0"},
				"up": {"uv": [0, 0, 14, 1], "rotation": 90, "texture": "#0"},
				"down": {"uv": [14, 2, 0, 1], "rotation": 90, "texture": "#0"}
			}
		},
		{
			"name": "missile_tip",
			"from": [6.5, 6.5, 1.5],
			"to": [9.5, 9.5, 4.5],
			"rotation": {"angle": 0, "axis": "y", "origin": [8, 8, 3]},
			"faces": {
				"north": {"uv": [0, 7, 3, 10], "texture": "#0"},
				"east": {"uv": [3, 3, 0, 6], "texture": "#0"},
				"south": {"uv": [12, 7, 15, 10], "texture": "#0"},
				"west": {"uv": [0, 3, 3, 6], "texture": "#0"},
				"up": {"uv": [7, 6, 4, 3], "texture": "#0"},
				"down": {"uv": [15, 11, 12, 14], "texture": "#0"}
			}
		},
		{
			"name": "vent",
			"from": [6.5, 6.5, 13],
			"to": [9.5, 9.5, 16],
			"rotation": {"angle": 0, "axis": "y", "origin": [8, 8, 14.5]},
			"faces": {
				"north": {"uv": [12, 3, 15, 6], "texture": "#0"},
				"east": {"uv": [7, 7, 4, 10], "texture": "#0"},
				"west": {"uv": [4, 7, 7, 10], "texture": "#0"},
				"up": {"uv": [11, 6, 8, 3], "texture": "#0"},
				"down": {"uv": [11, 7, 8, 10], "texture": "#0"}
			}
		},
		{
			"name": "vent_inside",
			"from": [9.5, 9.5, 16],
			"to": [6.5, 6.5, 13],
			"rotation": {"angle": 0, "axis": "y", "origin": [8, 8, 14.5]},
			"faces": {
				"east": {"uv": [0, 11, 3, 14], "texture": "#0"},
				"south": {"uv": [1, 12, 2, 13], "texture": "#0"},
				"west": {"uv": [3, 11, 0, 14], "texture": "#0"},
				"up": {"uv": [0, 11, 3, 14], "rotation": 270, "texture": "#0"},
				"down": {"uv": [0, 11, 3, 14], "rotation": 90, "texture": "#0"}
			}
		},
		{
			"name": "fin_1",
			"from": [7, 8, 10],
			"to": [8, 8, 16],
			"rotation": {"angle": -22.5, "axis": "y", "origin": [7.5, 8, 10.5]},
			"faces": {
				"up": {"uv": [0, 15, 6, 16], "rotation": 90, "texture": "#0"},
				"down": {"uv": [6, 16, 0, 15], "rotation": 90, "texture": "#0"}
			}
		},
		{
			"name": "fin_2",
			"from": [8, 8, 10],
			"to": [9, 8, 16],
			"rotation": {"angle": 22.5, "axis": "y", "origin": [8.5, 8, 10.5]},
			"faces": {
				"up": {"uv": [0, 16, 6, 15], "rotation": 90, "texture": "#0"},
				"down": {"uv": [6, 15, 0, 16], "rotation": 90, "texture": "#0"}
			}
		},
		{
			"name": "fin_3",
			"from": [8, 8, 10],
			"to": [8, 9, 16],
			"rotation": {"angle": -22.5, "axis": "x", "origin": [8, 8.5, 10.5]},
			"faces": {
				"east": {"uv": [6, 15, 0, 16], "texture": "#0"},
				"west": {"uv": [0, 16, 6, 15], "texture": "#0"}
			}
		},
		{
			"name": "fin_4",
			"from": [8, 7, 10],
			"to": [8, 8, 16],
			"rotation": {"angle": 22.5, "axis": "x", "origin": [8, 7.5, 10.5]},
			"faces": {
				"east": {"uv": [6, 16, 0, 15], "texture": "#0"},
				"west": {"uv": [0, 15, 6, 16], "texture": "#0"}
			}
		},
		{
			"name": "thrust_1",
			"from": [8, 6, 14.5],
			"to": [8, 10, 26.5],
			"rotation": {"angle": 0, "axis": "y", "origin": [8, 8, 14.5]},
			"faces": {
				"east": {"uv": [12, 10, 0, 6], "texture": "#1"},
				"west": {"uv": [0, 6, 12, 10], "texture": "#1"}
			}
		},
		{
			"name": "thrust_2",
			"from": [6, 8, 14.5],
			"to": [10, 8, 26.5],
			"rotation": {"angle": 0, "axis": "y", "origin": [8, 8, 14.5]},
			"faces": {
				"up": {"uv": [12, 10, 0, 6], "rotation": 270, "texture": "#1"},
				"down": {"uv": [0, 6, 12, 10], "rotation": 270, "texture": "#1"}
			}
		},
		{
			"name": "coloration_tip",
			"from": [6.995, 6.995, 0.495],
			"to": [9.005, 9.005, 1.505],
			"rotation": {"angle": 0, "axis": "y", "origin": [8, 8, 1]},
			"faces": {
				"north": {"uv": [7, 11, 9, 13], "texture": "#0", "tintindex": 0},
				"east": {"uv": [0, 0, 1, 2], "texture": "#0", "tintindex": 0},
				"west": {"uv": [0, 0, 1, 2], "texture": "#0", "tintindex": 0},
				"up": {"uv": [0, 0, 1, 1], "texture": "#0", "tintindex": 0},
				"down": {"uv": [0, 1, 1, 2], "texture": "#0", "tintindex": 0}
			}
		},
		{
			"name": "coloration_body",
			"from": [6.995, 6.995, 6.495],
			"to": [9.005, 9.005, 8.505],
			"rotation": {"angle": 0, "axis": "y", "origin": [8, 8, 7.5]},
			"faces": {
				"north": {"uv": [7, 11, 9, 13], "texture": "#0", "tintindex": 0},
				"east": {"uv": [0, 0, 1, 2], "texture": "#0", "tintindex": 0},
				"west": {"uv": [0, 0, 1, 2], "texture": "#0", "tintindex": 0},
				"up": {"uv": [0, 0, 1, 1], "texture": "#0", "tintindex": 0},
				"down": {"uv": [0, 1, 1, 2], "texture": "#0", "tintindex": 0}
			}
		}
	],
	"gui_light": "front",
	"display": {
		"thirdperson_righthand": {
			"rotation": [109.61, 39.47, 0.94],
			"translation": [-0.25, -1, -0.25]
		},
		"thirdperson_lefthand": {
			"rotation": [109.61, 39.47, 0.94],
			"translation": [-0.25, -1, -0.25]
		},
		"firstperson_righthand": {
			"rotation": [9, -29, -3],
			"translation": [1.13, 4.2, 1.13],
			"scale": [0.68, 0.68, 0.68]
		},
		"firstperson_lefthand": {
			"rotation": [9, -29, -3],
			"translation": [1.13, 4.2, 1.13],
			"scale": [0.68, 0.68, 0.68]
		},
		"ground": {
			"rotation": [45, 0, 0],
			"translation": [0, 2, 0],
			"scale": [0.5, 0.5, 0.5]
		},
		"gui": {
			"rotation": [-90, -135, -90],
			"translation": [0.5, 0.5, 0],
			"scale": [1.24, 1.24, 1.24]
		},
		"head": {
			"translation": [0, -6.4, 0],
			"scale": [1.6, 1.6, 1.6]
		},
		"fixed": {
			"rotation": [90, 45, -90],
			"translation": [-0.5, 0.5, 0],
			"scale": [1.6, 1.6, 1.6]
		}
	},
	"groups": [
		{
			"name": "fancy missile",
			"origin": [8, 8, 8],
			"color": 0,
			"nbt": "{}",
			"children": [0, 1, 2, 3, 4, 5, 6, 7, 8, 9, 10, 11]
		}
	]
}