{
	"credit": "Made with Blockbench, by EnderIzzy124",
	"texture_size": [128, 128],
	"textures": {
		"0": "item/fancy_jet_texture",
		"particle": "item/fancy_jet_texture"
	},
	"elements": [
		{
			"name": "body",
			"from": [3, -4, -7.5],
			"to": [13, 2, 24],
			"rotation": {"angle": 0, "axis": "y", "origin": [6.75, -0.25, 9]},
			"faces": {
				"north": {"uv": [7.5, 0.875, 8.75, 1.625], "texture": "#0"},
				"east": {"uv": [8.1875, 0, 4.25, 0.75], "texture": "#0"},
				"west": {"uv": [4.25, 0, 8.1875, 0.75], "texture": "#0"},
				"up": {"uv": [4.125, 3.9375, 2.875, 0], "texture": "#0"},
				"down": {"uv": [4.125, 4.125, 2.875, 8.0625], "texture": "#0"}
			}
		},
		{
			"name": "left_body",
			"from": [-2.5, -4, -1],
			"to": [3.5, -1, 23],
			"rotation": {"angle": 0, "axis": "y", "origin": [0.5, -2.5, 9.5]},
			"faces": {
				"north": {"uv": [0, 8.25, 0.75, 8.625], "texture": "#0"},
				"south": {"uv": [8.25, 2.625, 9, 3], "texture": "#0"},
				"west": {"uv": [5.25, 5.875, 8.25, 6.25], "texture": "#0"},
				"up": {"uv": [1.625, 8, 0.875, 5], "texture": "#0"},
				"down": {"uv": [2.5, 5, 1.75, 8], "texture": "#0"}
			}
		},
		{
			"name": "right_body",
			"from": [12.5, -4, -1],
			"to": [18.5, -1, 23],
			"rotation": {"angle": 0, "axis": "y", "origin": [15.5, -2.5, 9.5]},
			"faces": {
				"north": {"uv": [0.75, 8.25, 0, 8.625], "texture": "#0"},
				"east": {"uv": [8.25, 5.875, 5.25, 6.25], "texture": "#0"},
				"south": {"uv": [9, 2.625, 8.25, 3], "texture": "#0"},
				"up": {"uv": [0.875, 8, 1.625, 5], "texture": "#0"},
				"down": {"uv": [1.75, 5, 2.5, 8], "texture": "#0"}
			}
		},
		{
			"name": "thruster",
			"from": [1.9625, -4.0375, 23.9625],
			"to": [14.0375, 2.0375, 30.0375],
			"rotation": {"angle": 0, "axis": "y", "origin": [9.5, 0.5, 28.5]},
			"faces": {
				"north": {"uv": [5.25, 6.375, 6.75, 7.125], "texture": "#0"},
				"east": {"uv": [8.25, 1.75, 7.5, 2.5], "texture": "#0"},
				"south": {"uv": [6.625, 2.625, 8.125, 3.375], "texture": "#0"},
				"west": {"uv": [7.5, 1.75, 8.25, 2.5], "texture": "#0"},
				"up": {"uv": [8.125, 4.25, 6.625, 3.5], "texture": "#0"},
				"down": {"uv": [8.125, 4.375, 6.625, 5.125], "texture": "#0"}
			}
		},
		{
			"name": "nose",
			"from": [4, -4, -15.5],
			"to": [12, 0.5, -7.5],
			"rotation": {"angle": 0, "axis": "y", "origin": [8, -1.75, -11.5]},
			"faces": {
				"north": {"uv": [6.375, 7.5, 7.375, 8.0625], "texture": "#0"},
				"east": {"uv": [8.5, 7.5, 7.5, 8.0625], "texture": "#0"},
				"west": {"uv": [7.5, 7.5, 8.5, 8.0625], "texture": "#0"},
				"up": {"uv": [7.875, 7.375, 6.875, 6.375], "texture": "#0"},
				"down": {"uv": [6.25, 7.25, 5.25, 8.25], "texture": "#0"}
			}
		},
		{
			"name": "left_wing",
			"from": [-16, -2.5, -8.5],
			"to": [5.5, -2.5, 30.5],
			"rotation": {"angle": 0, "axis": "y", "origin": [-4.25, -2.5, 11.5]},
			"faces": {
				"up": {"uv": [0, 0, 2.6875, 4.875], "texture": "#0"},
				"down": {"uv": [0, 4.875, 2.6875, 0], "texture": "#0"}
			}
		},
		{
			"name": "left_tag",
			"from": [-10, -2.515, 4],
			"to": [-3, -2.49, 16],
			"rotation": {"angle": 0, "axis": "y", "origin": [-5.5, -2.4875, 8]},
			"faces": {
				"up": {"uv": [8.875, 0.375, 9.75, 1.875], "texture": "#0", "tintindex": 0},
				"down": {"uv": [8.875, 1.875, 9.75, 0.375], "texture": "#0", "tintindex": 0}
			}
		},
		{
			"name": "right_wing",
			"from": [10.5, -2.5, -8.5],
			"to": [32, -2.5, 30.5],
			"rotation": {"angle": 0, "axis": "y", "origin": [20.25, -2.5, 11.5]},
			"faces": {
				"up": {"uv": [2.6875, 0, 0, 4.875], "texture": "#0"},
				"down": {"uv": [2.6875, 4.875, 0, 0], "texture": "#0"}
			}
		},
		{
			"name": "right_tag",
			"from": [19, -2.515, 4],
			"to": [26, -2.49, 16],
			"rotation": {"angle": 0, "axis": "y", "origin": [21.5, -2.4875, 8]},
			"faces": {
				"up": {"uv": [9.75, 0.375, 8.875, 1.875], "texture": "#0", "tintindex": 0},
				"down": {"uv": [9.75, 1.875, 8.875, 0.375], "texture": "#0", "tintindex": 0}
			}
		},
		{
			"name": "left_flap",
			"from": [-6.53856, 2.03644, 15.5375],
			"to": [3.96144, 2.03644, 27.5375],
			"rotation": {"angle": -45, "axis": "z", "origin": [3.46144, 2.03644, 15.5375]},
			"faces": {
				"up": {"uv": [6.4375, 4.125, 5.125, 2.625], "texture": "#0"},
				"down": {"uv": [6.4375, 2.625, 5.125, 4.125], "texture": "#0"}
			}
		},
		{
			"name": "right_flap",
			"from": [12.03856, 2.03644, 15.5375],
			"to": [22.53856, 2.03644, 27.5375],
			"rotation": {"angle": 45, "axis": "z", "origin": [12.53856, 2.03644, 15.5375]},
			"faces": {
				"up": {"uv": [5.125, 4.125, 6.4375, 2.625], "texture": "#0"},
				"down": {"uv": [5.125, 2.625, 6.4375, 4.125], "texture": "#0"}
			}
		},
		{
			"name": "cockpit",
			"from": [4.75, 0.5, -10],
			"to": [11.25, 3.5, 7.5],
			"rotation": {"angle": 0, "axis": "y", "origin": [4.75, 0.5, -10]},
			"faces": {
				"north": {"uv": [1.75, 8.125, 2.5625, 8.5], "texture": "#0"},
				"east": {"uv": [8.8125, 5.25, 6.625, 5.625], "texture": "#0"},
				"south": {"uv": [2.5625, 8.9375, 1.75, 8.5625], "texture": "#0"},
				"west": {"uv": [6.625, 5.25, 8.8125, 5.625], "texture": "#0"},
				"up": {"uv": [5.0625, 8.0625, 4.25, 5.875], "texture": "#0"}
			}
		},
		{
			"name": "left_intake_vent",
			"from": [0, -5.5, -5],
			"to": [6, 0.5, 20],
			"rotation": {"angle": 0, "axis": "y", "origin": [0, -5.5, -4]},
			"faces": {
				"north": {"uv": [8, 6.375, 8.75, 7.125], "texture": "#0"},
				"east": {"uv": [4.25, 0.875, 7.375, 1.625], "texture": "#0"},
				"south": {"uv": [0.875, 8.125, 1.625, 8.875], "texture": "#0"},
				"west": {"uv": [4.25, 1.75, 7.375, 2.5], "texture": "#0"},
				"up": {"uv": [5, 5.75, 4.25, 2.625], "texture": "#0"},
				"down": {"uv": [0.75, 5, 0, 8.125], "texture": "#0"}
			}
		},
		{
			"name": "right_intake_vent",
			"from": [10, -5.5, -5],
			"to": [16, 0.5, 20],
			"rotation": {"angle": 0, "axis": "y", "origin": [16, -5.5, -4]},
			"faces": {
				"north": {"uv": [8.75, 6.375, 8, 7.125], "texture": "#0"},
				"east": {"uv": [7.375, 1.75, 4.25, 2.5], "texture": "#0"},
				"south": {"uv": [1.625, 8.125, 0.875, 8.875], "texture": "#0"},
				"west": {"uv": [7.375, 0.875, 4.25, 1.625], "texture": "#0"},
				"up": {"uv": [4.25, 5.75, 5, 2.625], "texture": "#0"},
				"down": {"uv": [0, 5, 0.75, 8.125], "texture": "#0"}
			}
		},
		{
			"name": "left_ballast",
			"from": [-4, -4.5, 2],
			"to": [-4, -2.5, 18],
			"rotation": {"angle": 0, "axis": "y", "origin": [-4, -3.5, 10]},
			"faces": {
				"east": {"uv": [10.25, 0, 8.25, 0.25], "texture": "#0"},
				"west": {"uv": [8.25, 0, 10.25, 0.25], "texture": "#0"}
			}
		},
		{
			"name": "right_ballast",
			"from": [20, -4.5, 2],
			"to": [20, -2.5, 18],
			"rotation": {"angle": 0, "axis": "y", "origin": [20, -3.5, 10]},
			"faces": {
				"east": {"uv": [10.25, 0, 8.25, 0.25], "texture": "#0"},
				"west": {"uv": [8.25, 0, 10.25, 0.25], "texture": "#0"}
			}
		}
	],
	"gui_light": "front",
	"display": {
		"thirdperson_righthand": {
			"rotation": [69, 44, -52],
			"translation": [0, 4.25, 0],
			"scale": [0.28, 0.28, 0.28]
		},
		"thirdperson_lefthand": {
			"rotation": [69, 44, -52],
			"translation": [0, 4.25, 0],
			"scale": [0.28, 0.28, 0.28]
		},
		"firstperson_righthand": {
			"rotation": [78.56, -23.24, 62.9],
			"translation": [0, 4.5, 0],
			"scale": [0.26, 0.26, 0.26]
		},
		"firstperson_lefthand": {
			"rotation": [78.56, -23.24, 62.9],
			"translation": [0, 4.5, 0],
			"scale": [0.26, 0.26, 0.26]
		},
		"ground": {
			"rotation": [45, 0, 45],
			"translation": [0, 5, 0],
			"scale": [0.29, 0.29, 0.29]
		},
		"gui": {
			"rotation": [30, 134, 0],
			"translation": [-0.75, 1.75, 0],
			"scale": [0.35, 0.35, 0.35]
		},
		"head": {
			"translation": [0, 43, 0],
			"scale": [4, 4, 4]
		},
		"fixed": {
			"rotation": [-90, 0, 0],
			"translation": [0, 0, -14]
		}
	},
	"groups": [
		{
			"name": "simple_jet",
			"origin": [8, 8, 8],
			"color": 1,
			"nbt": "{}",
			"children": [0, 1, 2, 3, 4, 5, 6, 7, 8, 9, 10, 11, 12, 13, 14, 15]
		}
	]
}