{
    "parent": "item/generated",
    "textures": {
        "layer0": "item/bow"
    },
    "display": {
        "thirdperson_righthand": {
            "rotation": [ -80, 260, -40 ],
            "translation": [ -1, -2, 2.5 ],
            "scale": [ 0.9, 0.9, 0.9 ]
        },
        "thirdperson_lefthand": {
            "rotation": [ -80, -280, 40 ],
            "translation": [ -1, -2, 2.5 ],
            "scale": [ 0.9, 0.9, 0.9 ]
        },
        "firstperson_righthand": {
            "rotation": [ 0, -90, 25 ],
            "translation": [ 1.13, 3.2, 1.13],
            "scale": [ 0.68, 0.68, 0.68 ]
        },
        "firstperson_lefthand": {
            "rotation": [ 0, 90, -25 ],
            "translation": [ 1.13, 3.2, 1.13],
            "scale": [ 0.68, 0.68, 0.68 ]
        }
    },
    "overrides": [
        {"predicate": {"pulling": 0, "custom_model_data": 625},                              "model": "item/bow"},
        {"predicate": {"pulling": 0, "custom_model_data": 627},                              "model": "item/gold_bow"},
        {"predicate": {"pulling": 0, "custom_model_data": 628},                              "model": "item/tin_bow"},
        {"predicate": {"pulling": 0, "custom_model_data": 629},                              "model": "item/copper_bow"},
        {"predicate": {"pulling": 0, "custom_model_data": 630},                              "model": "item/bronze_bow"},
        {"predicate": {"pulling": 0, "custom_model_data": 632},                              "model": "item/iron_bow"},
        {"predicate": {"pulling": 0, "custom_model_data": 633},                              "model": "item/prismarine_bow"},
        {"predicate": {"pulling": 0, "custom_model_data": 634},                              "model": "item/quartz_bow"},
        {"predicate": {"pulling": 0, "custom_model_data": 635},                              "model": "item/mithril_bow"},
        {"predicate": {"pulling": 0, "custom_model_data": 636},                              "model": "item/adamantium_bow"},
        {"predicate": {"pulling": 0, "custom_model_data": 637},                              "model": "item/diamond_bow"},
        {"predicate": {"pulling": 0, "custom_model_data": 638},                              "model": "item/onyx_bow"},
        {"predicate": {"pulling": 0, "custom_model_data": 639},                              "model": "item/heliocolium_bow"},
        {"predicate": {"pulling": 0, "custom_model_data": 645},				                 "model": "item/netherite_bow"},
        {"predicate": {"pulling": 0, "custom_model_data": 646},				                 "model": "item/jade_bow"},
        {"predicate": {"pulling": 0, "custom_model_data": 647},				                 "model": "item/ruby_bow"},
        {"predicate": {"pulling": 0, "custom_model_data": 648},				                 "model": "item/soefium_bow"},
        {"predicate": {"pulling": 0, "custom_model_data": 649},				                 "model": "item/amethyst_bow"},

        {"predicate": {"pulling": 1, "custom_model_data": 625},                              "model": "item/bow_pulling_0"},
        {"predicate": {"pulling": 1, "custom_model_data": 627},                              "model": "item/gold_bow_pulling_0"},
        {"predicate": {"pulling": 1, "custom_model_data": 628},                              "model": "item/tin_bow_pulling_0"},
        {"predicate": {"pulling": 1, "custom_model_data": 629},                              "model": "item/copper_bow_pulling_0"},
        {"predicate": {"pulling": 1, "custom_model_data": 630},                              "model": "item/bronze_bow_pulling_0"},
        {"predicate": {"pulling": 1, "custom_model_data": 632},                              "model": "item/iron_bow_pulling_0"},
        {"predicate": {"pulling": 1, "custom_model_data": 633},                              "model": "item/prismarine_bow_pulling_0"},
        {"predicate": {"pulling": 1, "custom_model_data": 634},                              "model": "item/quartz_bow_pulling_0"},
        {"predicate": {"pulling": 1, "custom_model_data": 635},                              "model": "item/mithril_bow_pulling_0"},
        {"predicate": {"pulling": 1, "custom_model_data": 636},                              "model": "item/adamantium_bow_pulling_0"},
        {"predicate": {"pulling": 1, "custom_model_data": 637},                              "model": "item/diamond_bow_pulling_0"},
        {"predicate": {"pulling": 1, "custom_model_data": 638},                              "model": "item/onyx_bow_pulling_0"},
        {"predicate": {"pulling": 1, "custom_model_data": 639},                              "model": "item/heliocolium_bow_pulling_0"},
        {"predicate": {"pulling": 1, "custom_model_data": 645},				                 "model": "item/netherite_bow_pulling_0"},
        {"predicate": {"pulling": 1, "custom_model_data": 646},				                 "model": "item/jade_bow_pulling_0"},
        {"predicate": {"pulling": 1, "custom_model_data": 647},				                 "model": "item/ruby_bow_pulling_0"},
        {"predicate": {"pulling": 1, "custom_model_data": 648},				                 "model": "item/soefium_bow_pulling_0"},
        {"predicate": {"pulling": 1, "custom_model_data": 649},				                 "model": "item/amethyst_bow_pulling_0"},

        {"predicate": {"pulling": 1, "pull": 0.65, "custom_model_data": 625},                "model": "item/bow_pulling_1"},
        {"predicate": {"pulling": 1, "pull": 0.65, "custom_model_data": 627},                "model": "item/gold_bow_pulling_1"},
        {"predicate": {"pulling": 1, "pull": 0.65, "custom_model_data": 628},                "model": "item/tin_bow_pulling_1"},
        {"predicate": {"pulling": 1, "pull": 0.65, "custom_model_data": 629},                "model": "item/copper_bow_pulling_1"},
        {"predicate": {"pulling": 1, "pull": 0.65, "custom_model_data": 630},                "model": "item/bronze_bow_pulling_1"},
        {"predicate": {"pulling": 1, "pull": 0.65, "custom_model_data": 632},                "model": "item/iron_bow_pulling_1"},
        {"predicate": {"pulling": 1, "pull": 0.65, "custom_model_data": 633},                "model": "item/prismarine_bow_pulling_1"},
        {"predicate": {"pulling": 1, "pull": 0.65, "custom_model_data": 634},                "model": "item/quartz_bow_pulling_1"},
        {"predicate": {"pulling": 1, "pull": 0.65, "custom_model_data": 635},                "model": "item/mithril_bow_pulling_1"},
        {"predicate": {"pulling": 1, "pull": 0.65, "custom_model_data": 636},                "model": "item/adamantium_bow_pulling_1"},
        {"predicate": {"pulling": 1, "pull": 0.65, "custom_model_data": 637},                "model": "item/diamond_bow_pulling_1"},
        {"predicate": {"pulling": 1, "pull": 0.65, "custom_model_data": 638},                "model": "item/onyx_bow_pulling_1"},
        {"predicate": {"pulling": 1, "pull": 0.65, "custom_model_data": 639},                "model": "item/heliocolium_bow_pulling_1"},
        {"predicate": {"pulling": 1, "pull": 0.65, "custom_model_data": 645},				"model": "item/netherite_bow_pulling_1"},
        {"predicate": {"pulling": 1, "pull": 0.65, "custom_model_data": 646},				"model": "item/jade_bow_pulling_1"},
        {"predicate": {"pulling": 1, "pull": 0.65, "custom_model_data": 647},				"model": "item/ruby_bow_pulling_1"},
        {"predicate": {"pulling": 1, "pull": 0.65, "custom_model_data": 648},				"model": "item/soefium_bow_pulling_1"},
        {"predicate": {"pulling": 1, "pull": 0.65, "custom_model_data": 649},				"model": "item/amethyst_bow_pulling_1"},

        {"predicate": {"pulling": 1, "pull": 0.9, "custom_model_data": 625},                "model": "item/bow_pulling_2"},
        {"predicate": {"pulling": 1, "pull": 0.9, "custom_model_data": 627},                "model": "item/gold_bow_pulling_2"},
        {"predicate": {"pulling": 1, "pull": 0.9, "custom_model_data": 628},                "model": "item/tin_bow_pulling_2"},
        {"predicate": {"pulling": 1, "pull": 0.9, "custom_model_data": 629},                "model": "item/copper_bow_pulling_2"},
        {"predicate": {"pulling": 1, "pull": 0.9, "custom_model_data": 630},                "model": "item/bronze_bow_pulling_2"},
        {"predicate": {"pulling": 1, "pull": 0.9, "custom_model_data": 632},                "model": "item/iron_bow_pulling_2"},
        {"predicate": {"pulling": 1, "pull": 0.9, "custom_model_data": 633},                "model": "item/prismarine_bow_pulling_2"},
        {"predicate": {"pulling": 1, "pull": 0.9, "custom_model_data": 634},                "model": "item/quartz_bow_pulling_2"},
        {"predicate": {"pulling": 1, "pull": 0.9, "custom_model_data": 635},                "model": "item/mithril_bow_pulling_2"},
        {"predicate": {"pulling": 1, "pull": 0.9, "custom_model_data": 636},                "model": "item/adamantium_bow_pulling_2"},
        {"predicate": {"pulling": 1, "pull": 0.9, "custom_model_data": 637},                "model": "item/diamond_bow_pulling_2"},
        {"predicate": {"pulling": 1, "pull": 0.9, "custom_model_data": 638},                "model": "item/onyx_bow_pulling_2"},
        {"predicate": {"pulling": 1, "pull": 0.9, "custom_model_data": 639},                "model": "item/heliocolium_bow_pulling_2"},
        {"predicate": {"pulling": 1, "pull": 0.9, "custom_model_data": 645},				"model": "item/netherite_bow_pulling_2"},
        {"predicate": {"pulling": 1, "pull": 0.9, "custom_model_data": 646},				"model": "item/jade_bow_pulling_2"},
        {"predicate": {"pulling": 1, "pull": 0.9, "custom_model_data": 647},				"model": "item/ruby_bow_pulling_2"},
        {"predicate": {"pulling": 1, "pull": 0.9, "custom_model_data": 648},				"model": "item/soefium_bow_pulling_2"},
        {"predicate": {"pulling": 1, "pull": 0.9, "custom_model_data": 649},				"model": "item/amethyst_bow_pulling_2"}
    ]
}