{
    "parent": "item/handheld",
    "textures": {
        "layer0": "item/diamond_axe"
    }

,

"overrides": [
    {"predicate": {"custom_model_data": 635},               "model": "item/mithril_axe"},
    {"predicate": {"custom_model_data": 637},               "model": "item/diamond_axe"},
	{"predicate": {"custom_model_data": 646},				"model": "item/jade_axe"},
	{"predicate": {"custom_model_data": 647},				"model": "item/ruby_axe"},
	{"predicate": {"custom_model_data": 649},				"model": "item/amethyst_axe"}
    ]
}