{
    "parent": "item/handheld",
    "textures": {
        "layer0": "item/diamond_hoe"
    }

,

"overrides": [
    {"predicate": {"custom_model_data": 635},               "model": "item/mithril_hoe"},
    {"predicate": {"custom_model_data": 637},               "model": "item/diamond_hoe"},
	{"predicate": {"custom_model_data": 646},				"model": "item/jade_hoe"},
	{"predicate": {"custom_model_data": 647},				"model": "item/ruby_hoe"},
	{"predicate": {"custom_model_data": 649},				"model": "item/amethyst_hoe"}
    ]
}