{
    "parent": "item/handheld",
    "textures": {
        "layer0": "item/diamond_shovel"
    }

,

"overrides": [
    {"predicate": {"custom_model_data": 635},               "model": "item/mithril_shovel"},
    {"predicate": {"custom_model_data": 637},               "model": "item/diamond_shovel"},
	{"predicate": {"custom_model_data": 646},				"model": "item/jade_shovel"},
	{"predicate": {"custom_model_data": 647},				"model": "item/ruby_shovel"},
	{"predicate": {"custom_model_data": 649},				"model": "item/amethyst_shovel"}
    ]
}