{
	"credit": "Made with Blockbench",
	"textures": {
		"particle": "item/shield",
		"texture": "item/shield"
	},
	"elements": [
		{
			"from": [0, 5, 6.5],
			"to": [1, 11, 7.5],
			"rotation": {"angle": 0, "axis": "y", "origin": [7, 2, 8]},
			"faces": {
				"north": {"uv": [15, 5, 16, 11], "texture": "#texture"},
				"east": {"uv": [15, 5, 16, 11], "texture": "#texture"},
				"south": {"uv": [15, 5, 16, 11], "texture": "#texture"},
				"west": {"uv": [15, 5, 16, 11], "texture": "#texture"},
				"up": {"uv": [15, 5, 16, 11], "texture": "#texture"},
				"down": {"uv": [15, 5, 16, 11], "texture": "#texture"}
			}
		},
		{
			"from": [15, 5, 6.5],
			"to": [16, 11, 7.5],
			"rotation": {"angle": 0, "axis": "y", "origin": [9, 2, 8]},
			"faces": {
				"north": {"uv": [0, 5, 1, 11], "texture": "#texture"},
				"east": {"uv": [0, 5, 1, 11], "texture": "#texture"},
				"south": {"uv": [0, 5, 1, 11], "texture": "#texture"},
				"west": {"uv": [0, 5, 1, 11], "texture": "#texture"},
				"up": {"uv": [0, 5, 1, 11], "texture": "#texture"},
				"down": {"uv": [0, 5, 1, 11], "texture": "#texture"}
			}
		},
		{
			"from": [5, 15, 6.5],
			"to": [11, 16, 7.5],
			"faces": {
				"north": {"uv": [5, 0, 11, 1], "texture": "#texture"},
				"east": {"uv": [5, 0, 11, 1], "texture": "#texture"},
				"south": {"uv": [5, 0, 11, 1], "texture": "#texture"},
				"west": {"uv": [5, 0, 11, 1], "texture": "#texture"},
				"up": {"uv": [5, 0, 11, 1], "texture": "#texture"},
				"down": {"uv": [5, 0, 11, 1], "texture": "#texture"}
			}
		},
		{
			"from": [7.5, 10, 8],
			"to": [8.5, 11, 13],
			"faces": {
				"north": {"uv": [0, 0, 0, 0], "texture": "#texture"},
				"east": {"uv": [5, 1, 10, 2], "texture": "#texture"},
				"south": {"uv": [7, 1, 8, 2], "texture": "#texture"},
				"west": {"uv": [5, 1, 10, 2], "texture": "#texture"},
				"up": {"uv": [13, 2, 14, 7], "texture": "#texture"},
				"down": {"uv": [13, 2, 14, 7], "texture": "#texture"}
			}
		},
		{
			"from": [7.5, 6, 12],
			"to": [8.5, 10, 13],
			"faces": {
				"north": {"uv": [11, 7, 12, 11], "texture": "#texture"},
				"east": {"uv": [5, 3, 9, 4], "rotation": 90, "texture": "#texture"},
				"south": {"uv": [11, 7, 12, 11], "texture": "#texture"},
				"west": {"uv": [5, 3, 9, 4], "rotation": 90, "texture": "#texture"},
				"up": {"uv": [0, 0, 0, 0], "texture": "#texture"},
				"down": {"uv": [0, 0, 0, 0], "texture": "#texture"}
			}
		},
		{
			"from": [7.5, 5, 8],
			"to": [8.5, 6, 13],
			"faces": {
				"north": {"uv": [0, 0, 0, 0], "texture": "#texture"},
				"east": {"uv": [5, 1, 10, 2], "texture": "#texture"},
				"south": {"uv": [8, 1, 9, 2], "texture": "#texture"},
				"west": {"uv": [5, 1, 10, 2], "texture": "#texture"},
				"up": {"uv": [3, 6, 4, 11], "texture": "#texture"},
				"down": {"uv": [3, 6, 4, 11], "texture": "#texture"}
			}
		},
		{
			"name": "1",
			"from": [2, 2, 6.5],
			"to": [14, 3, 7.5],
			"rotation": {"angle": 0, "axis": "y", "origin": [9, 4, 8]},
			"faces": {
				"north": {"uv": [2, 13, 14, 14], "texture": "#texture"},
				"east": {"uv": [2, 13, 3, 14], "texture": "#texture"},
				"south": {"uv": [2, 13, 14, 14], "texture": "#texture"},
				"west": {"uv": [13, 13, 14, 14], "texture": "#texture"},
				"up": {"uv": [2, 13, 14, 14], "texture": "#texture"},
				"down": {"uv": [2, 13, 14, 14], "texture": "#texture"}
			}
		},
		{
			"name": "3",
			"from": [3, 1, 6.5],
			"to": [13, 2, 7.5],
			"rotation": {"angle": 0, "axis": "y", "origin": [10, 7, 8]},
			"faces": {
				"north": {"uv": [3, 14, 13, 15], "texture": "#texture"},
				"east": {"uv": [3, 14, 4, 15], "texture": "#texture"},
				"south": {"uv": [3, 14, 13, 15], "texture": "#texture"},
				"west": {"uv": [12, 14, 13, 15], "texture": "#texture"},
				"up": {"uv": [3, 14, 13, 15], "texture": "#texture"},
				"down": {"uv": [3, 14, 13, 15], "texture": "#texture"}
			}
		},
		{
			"name": "4",
			"from": [2, 13, 6.5],
			"to": [14, 14, 7.5],
			"rotation": {"angle": 0, "axis": "y", "origin": [9, 7, 8]},
			"faces": {
				"north": {"uv": [2, 2, 14, 3], "texture": "#texture"},
				"east": {"uv": [2, 2, 3, 3], "texture": "#texture"},
				"south": {"uv": [2, 2, 14, 3], "texture": "#texture"},
				"west": {"uv": [13, 2, 14, 3], "texture": "#texture"},
				"up": {"uv": [2, 2, 14, 3], "texture": "#texture"},
				"down": {"uv": [2, 2, 14, 3], "texture": "#texture"}
			}
		},
		{
			"name": "5",
			"from": [5, 0, 6.5],
			"to": [11, 1, 7.5],
			"rotation": {"angle": 0, "axis": "y", "origin": [10, 7, 8]},
			"faces": {
				"north": {"uv": [5, 15, 11, 16], "texture": "#texture"},
				"east": {"uv": [5, 15, 11, 16], "texture": "#texture"},
				"south": {"uv": [5, 15, 11, 16], "texture": "#texture"},
				"west": {"uv": [5, 15, 11, 16], "texture": "#texture"},
				"up": {"uv": [5, 15, 11, 16], "texture": "#texture"},
				"down": {"uv": [5, 15, 11, 16], "texture": "#texture"}
			}
		},
		{
			"name": "6",
			"from": [3, 14, 6.5],
			"to": [13, 15, 7.5],
			"rotation": {"angle": 0, "axis": "y", "origin": [10, 21, 8]},
			"faces": {
				"north": {"uv": [3, 1, 13, 2], "texture": "#texture"},
				"east": {"uv": [3, 1, 4, 2], "texture": "#texture"},
				"south": {"uv": [3, 1, 13, 2], "texture": "#texture"},
				"west": {"uv": [12, 1, 13, 2], "texture": "#texture"},
				"up": {"uv": [3, 1, 13, 2], "texture": "#texture"},
				"down": {"uv": [3, 1, 13, 2], "texture": "#texture"}
			}
		},
		{
			"name": "2",
			"from": [1, 3, 6.5],
			"to": [15, 13, 7.5],
			"rotation": {"angle": 0, "axis": "y", "origin": [10, 5, 8]},
			"faces": {
				"north": {"uv": [1, 3, 15, 13], "texture": "#texture"},
				"east": {"uv": [1, 3, 2, 13], "texture": "#texture"},
				"south": {"uv": [1, 3, 15, 13], "texture": "#texture"},
				"west": {"uv": [14, 3, 15, 13], "texture": "#texture"},
				"up": {"uv": [1, 3, 15, 4], "texture": "#texture"},
				"down": {"uv": [1, 12, 15, 13], "texture": "#texture"}
			}
		},
		{
			"from": [6.5, 10, 7],
			"to": [9.5, 11, 8],
			"faces": {
				"north": {"uv": [6, 0, 9, 1], "texture": "#texture"},
				"east": {"uv": [1, 1, 2, 2], "texture": "#texture"},
				"south": {"uv": [6, 0, 9, 1], "texture": "#texture"},
				"west": {"uv": [1, 1, 2, 2], "texture": "#texture"},
				"up": {"uv": [8, 0, 11, 1], "texture": "#texture"},
				"down": {"uv": [8, 0, 11, 1], "texture": "#texture"}
			}
		},
		{
			"from": [6.5, 5, 7],
			"to": [9.5, 6, 8],
			"faces": {
				"north": {"uv": [8, 0, 11, 1], "texture": "#texture"},
				"east": {"uv": [3, 12, 4, 13], "texture": "#texture"},
				"south": {"uv": [8, 0, 11, 1], "texture": "#texture"},
				"west": {"uv": [3, 12, 4, 13], "texture": "#texture"},
				"up": {"uv": [8, 1, 5, 0], "texture": "#texture"},
				"down": {"uv": [8, 1, 5, 0], "texture": "#texture"}
			}
		},
		{
			"from": [11.5, 10, 7],
			"to": [12, 10.5, 11],
			"faces": {
				"north": {"uv": [1.5, 5.5, 2, 6], "texture": "#texture"},
				"east": {"uv": [7, 0, 11, 0.5], "texture": "#texture"},
				"south": {"uv": [1.5, 5.5, 2, 6], "texture": "#texture"},
				"west": {"uv": [7, 0, 11, 0.5], "texture": "#texture"},
				"up": {"uv": [2.5, 7, 3, 11], "texture": "#texture"},
				"down": {"uv": [2.5, 7, 3, 11], "texture": "#texture"}
			}
		},
		{
			"from": [11.5, 5.5, 7],
			"to": [12, 6, 11],
			"faces": {
				"north": {"uv": [13, 10, 13.5, 10.5], "texture": "#texture"},
				"east": {"uv": [7, 0, 11, 0.5], "texture": "#texture"},
				"south": {"uv": [13, 10, 13.5, 10.5], "texture": "#texture"},
				"west": {"uv": [7, 0, 11, 0.5], "texture": "#texture"},
				"up": {"uv": [13, 7, 13.5, 11], "texture": "#texture"},
				"down": {"uv": [13, 7, 13.5, 11], "texture": "#texture"}
			}
		},
		{
			"from": [11.5, 6, 10.5],
			"to": [12, 10, 11],
			"faces": {
				"north": {"uv": [4, 6, 4.5, 10], "texture": "#texture"},
				"east": {"uv": [9.5, 6, 10, 10], "texture": "#texture"},
				"south": {"uv": [4, 6, 4.5, 10], "texture": "#texture"},
				"west": {"uv": [9.5, 6, 10, 10], "texture": "#texture"},
				"up": {"uv": [4, 9.5, 4.5, 10], "texture": "#texture"},
				"down": {"uv": [4, 9.5, 4.5, 10], "texture": "#texture"}
			}
		}
	],
	"overrides": [
		{
			"predicate": {
				"lefthanded": 1
			},
			"model": "item/shield_lh"
		},
		{
			"predicate": {
				"blocking": 1
			},
			"model": "item/shield_blocking"
		}
	],
	"display": {
		"thirdperson_righthand": {
			"rotation": [0, -90, 0],
			"translation": [2.3, -2, 5]
		},
		"thirdperson_lefthand": {
			"rotation": [0, -90, 0],
			"translation": [2.3, -2, 5]
		},
		"firstperson_righthand": {
			"rotation": [0, -75, 15],
			"translation": [4, -3, 0]
		},
		"firstperson_lefthand": {
			"rotation": [0, -75, 15],
			"translation": [4, -3, 0]
		},
		"ground": {
			"translation": [0, 2, 0],
			"scale": [0.5, 0.5, 0.5]
		},
		"gui": {
			"rotation": [0, 180, 0]
		},
		"head": {
			"translation": [0, 0, -7.56]
		},
		"fixed": {
			"translation": [0, 0, -0.38],
			"scale": [2, 2, 2]
		}
	}
}