{
	"credit": "Made with Blockbench, by EnderIzzy124",
	"texture_size": [128, 128],
	"textures": {
		"0": "item/blimp_texture",
		"1": "item/propeller",
		"particle": "item/blimp_texture"
	},
	"elements": [
		{
			"name": "body",
			"from": [-2, 6, -2],
			"to": [18, 26, 18],
			"rotation": {"angle": 0, "axis": "y", "origin": [8, 16, 8]},
			"faces": {
				"north": {"uv": [0, 0, 2.5, 2.5], "texture": "#0", "tintindex": 0},
				"east": {"uv": [2.5, 2.625, 0, 5.125], "texture": "#0", "tintindex": 0},
				"south": {"uv": [0, 0, 2.5, 2.5], "texture": "#0", "tintindex": 0},
				"west": {"uv": [0, 2.625, 2.5, 5.125], "texture": "#0", "tintindex": 0},
				"up": {"uv": [5.125, 2.5, 2.625, 0], "texture": "#0", "tintindex": 0},
				"down": {"uv": [5.125, 2.625, 2.625, 5.125], "texture": "#0", "tintindex": 0}
			}
		},
		{
			"name": "front",
			"from": [-0.5, 7.5, -9],
			"to": [16.5, 24.5, -2],
			"rotation": {"angle": 0, "axis": "y", "origin": [8, 16, -5.5]},
			"faces": {
				"north": {"uv": [0, 5.25, 2.125, 7.375], "texture": "#0", "tintindex": 0},
				"east": {"uv": [6.125, 4.125, 5.25, 6.25], "texture": "#0", "tintindex": 0},
				"west": {"uv": [5.25, 4.125, 6.125, 6.25], "texture": "#0", "tintindex": 0},
				"up": {"uv": [8.375, 5, 6.25, 4.125], "texture": "#0", "tintindex": 0},
				"down": {"uv": [8.375, 5.125, 6.25, 6], "texture": "#0", "tintindex": 0}
			}
		},
		{
			"name": "front_2",
			"from": [0.5, 8.5, -11],
			"to": [15.5, 23.5, -9],
			"rotation": {"angle": 0, "axis": "y", "origin": [8, 16, -10]},
			"faces": {
				"north": {"uv": [2.25, 5.25, 4.125, 7.125], "texture": "#0", "tintindex": 0},
				"east": {"uv": [1.25, 7.5, 1, 9.375], "texture": "#0", "tintindex": 0},
				"west": {"uv": [1, 7.5, 1.25, 9.375], "texture": "#0", "tintindex": 0},
				"up": {"uv": [9, 4, 7.125, 3.75], "texture": "#0", "tintindex": 0},
				"down": {"uv": [9.375, 1.875, 7.5, 2.125], "texture": "#0", "tintindex": 0}
			}
		},
		{
			"name": "back",
			"from": [-0.5, 7.5, 18],
			"to": [16.5, 24.5, 25],
			"rotation": {"angle": 0, "axis": "y", "origin": [8, 16, 21.5]},
			"faces": {
				"east": {"uv": [5.125, 5.25, 4.25, 7.375], "texture": "#0", "tintindex": 0},
				"south": {"uv": [5.25, 0, 7.375, 2.125], "texture": "#0", "tintindex": 0},
				"west": {"uv": [4.25, 5.25, 5.125, 7.375], "texture": "#0", "tintindex": 0},
				"up": {"uv": [8.375, 7, 6.25, 6.125], "texture": "#0", "tintindex": 0},
				"down": {"uv": [9.25, 2.25, 7.125, 3.125], "texture": "#0", "tintindex": 0}
			}
		},
		{
			"name": "back_2",
			"from": [1, 9, 25],
			"to": [15, 23, 27.5],
			"rotation": {"angle": 0, "axis": "y", "origin": [8, 16, 26.25]},
			"faces": {
				"east": {"uv": [7.8125, 0, 7.5, 1.75], "texture": "#0", "tintindex": 0},
				"south": {"uv": [5.25, 2.25, 7, 4], "texture": "#0", "tintindex": 0},
				"west": {"uv": [7.5, 0, 7.8125, 1.75], "texture": "#0", "tintindex": 0},
				"up": {"uv": [8.875, 3.5625, 7.125, 3.25], "texture": "#0", "tintindex": 0},
				"down": {"uv": [9.375, 7.125, 7.625, 7.4375], "texture": "#0", "tintindex": 0}
			}
		},
		{
			"name": "top_fin",
			"from": [8, 24.5, 19],
			"to": [8, 29.5, 24],
			"rotation": {"angle": 0, "axis": "y", "origin": [8, 24.5, 21.5]},
			"faces": {
				"east": {"uv": [5.875, 6.375, 5.25, 7], "texture": "#0", "tintindex": 0},
				"west": {"uv": [5.25, 6.375, 5.875, 7], "texture": "#0", "tintindex": 0}
			}
		},
		{
			"name": "left_fin",
			"from": [-5.5, 16, 19],
			"to": [-0.5, 16, 24],
			"rotation": {"angle": 0, "axis": "y", "origin": [-0.5, 16, 21.5]},
			"faces": {
				"up": {"uv": [5.875, 6.375, 5.25, 7], "rotation": 270, "texture": "#0", "tintindex": 0},
				"down": {"uv": [5.25, 6.375, 5.875, 7], "rotation": 270, "texture": "#0", "tintindex": 0}
			}
		},
		{
			"name": "right_fin",
			"from": [16.5, 16, 19],
			"to": [21.5, 16, 24],
			"rotation": {"angle": 0, "axis": "y", "origin": [16.5, 16, 21.5]},
			"faces": {
				"up": {"uv": [5.875, 7, 5.25, 6.375], "rotation": 270, "texture": "#0", "tintindex": 0},
				"down": {"uv": [5.25, 7, 5.875, 6.375], "rotation": 270, "texture": "#0", "tintindex": 0}
			}
		},
		{
			"name": "bottom_fin",
			"from": [8, 2.5, 19],
			"to": [8, 7.5, 24],
			"rotation": {"angle": 0, "axis": "y", "origin": [8, 7.5, 21.5]},
			"faces": {
				"east": {"uv": [4.875, 7.5, 4.25, 8.125], "texture": "#0", "tintindex": 0},
				"west": {"uv": [4.25, 7.5, 4.875, 8.125], "texture": "#0", "tintindex": 0}
			}
		},
		{
			"name": "scaffold_back",
			"from": [-2.02, 5.98, 14.98],
			"to": [18.02, 26.02, 16.52],
			"rotation": {"angle": 0, "axis": "y", "origin": [8, 16, 16]},
			"faces": {
				"east": {"uv": [1.5625, 7.5, 1.375, 10], "texture": "#0"},
				"west": {"uv": [1.375, 7.5, 1.5625, 10], "texture": "#0"},
				"up": {"uv": [10.125, 7.8125, 7.625, 7.625], "texture": "#0"},
				"down": {"uv": [10.5, 0, 8, 0.1875], "texture": "#0"}
			}
		},
		{
			"name": "scaffold_front",
			"from": [-2.02, 5.98, -1.02],
			"to": [18.02, 26.02, 0.52],
			"rotation": {"angle": 0, "axis": "y", "origin": [8, 16, 0]},
			"faces": {
				"east": {"uv": [1.5625, 7.5, 1.375, 10], "texture": "#0"},
				"west": {"uv": [1.375, 7.5, 1.5625, 10], "texture": "#0"},
				"up": {"uv": [7.625, 7.8125, 10.125, 7.625], "texture": "#0"},
				"down": {"uv": [8.4375, 4.125, 10.9375, 4.3125], "texture": "#0"}
			}
		},
		{
			"name": "gun_arm",
			"from": [7.75, 3, -0.75],
			"to": [8.25, 5.5, 0.25],
			"rotation": {"angle": 0, "axis": "y", "origin": [7.75, 3, -0.75]},
			"faces": {
				"north": {"uv": [10.625, 4.375, 10.6875, 4.6875], "texture": "#0"},
				"east": {"uv": [10.75, 4.375, 10.625, 4.6875], "texture": "#0"},
				"south": {"uv": [10.6875, 4.375, 10.75, 4.6875], "texture": "#0"},
				"west": {"uv": [10.625, 4.375, 10.75, 4.6875], "texture": "#0"},
				"up": {"uv": [10.625, 4.375, 10.75, 4.4375], "rotation": 90, "texture": "#0"},
				"down": {"uv": [10.625, 4.625, 10.75, 4.6875], "rotation": 90, "texture": "#0"}
			}
		},
		{
			"name": "gun_grip",
			"from": [7.25, 5.25, -1],
			"to": [8.75, 6.75, 0.5],
			"rotation": {"angle": 0, "axis": "y", "origin": [8, 6, -0.5]},
			"faces": {
				"north": {"uv": [10.8125, 4.375, 10.875, 4.5625], "texture": "#0"},
				"east": {"uv": [11, 4.375, 10.8125, 4.5625], "texture": "#0"},
				"south": {"uv": [10.9375, 4.375, 11, 4.5625], "texture": "#0"},
				"west": {"uv": [10.8125, 4.375, 11, 4.5625], "texture": "#0"},
				"down": {"uv": [10.8125, 4.5, 11, 4.5625], "rotation": 90, "texture": "#0"}
			}
		},
		{
			"name": "gun_front",
			"from": [6, -1, -5.5],
			"to": [10, 3, 1.5],
			"rotation": {"angle": -22.5, "axis": "x", "origin": [8, 3, -0.75]},
			"faces": {
				"north": {"uv": [10, 4.375, 9.5, 4.875], "texture": "#0"},
				"east": {"uv": [9.3125, 4.375, 8.4375, 4.875], "texture": "#0"},
				"south": {"uv": [10, 4.9375, 9.5, 5.4375], "texture": "#0"},
				"west": {"uv": [8.4375, 4.375, 9.3125, 4.875], "texture": "#0"},
				"up": {"uv": [10.0625, 4.375, 10.5625, 5.25], "texture": "#0"},
				"down": {"uv": [10.0625, 5.25, 10.125, 4.375], "texture": "#0"}
			}
		},
		{
			"name": "gun_barrels",
			"from": [6.75, 0, -13.5],
			"to": [9.25, 2.5, -5.5],
			"rotation": {"angle": -22.5, "axis": "x", "origin": [8, 3, -0.75]},
			"faces": {
				"north": {"uv": [10.9375, 4.75, 10.625, 5.0625], "texture": "#0"},
				"east": {"uv": [9.4375, 5.25, 8.4375, 4.9375], "texture": "#0"},
				"south": {"uv": [10.9375, 4.75, 10.625, 5.0625], "texture": "#0"},
				"west": {"uv": [8.4375, 4.9375, 9.4375, 5.25], "texture": "#0"},
				"up": {"uv": [8.4375, 5.25, 9.4375, 4.9375], "rotation": 90, "texture": "#0"},
				"down": {"uv": [9.4375, 4.9375, 8.4375, 5.25], "rotation": 90, "texture": "#0"}
			}
		},
		{
			"name": "gun_back",
			"from": [6, 0, 1.5],
			"to": [10, 3, 2.5],
			"rotation": {"angle": -22.5, "axis": "x", "origin": [8, 3, -0.75]},
			"faces": {
				"north": {"uv": [10, 4.375, 9.5, 4.875], "texture": "#0"},
				"east": {"uv": [9.4375, 4.375, 9.3125, 4.75], "texture": "#0"},
				"south": {"uv": [10, 4.9375, 9.5, 5.4375], "texture": "#0"},
				"west": {"uv": [9.3125, 4.375, 9.4375, 4.75], "texture": "#0"},
				"up": {"uv": [10.0625, 4.375, 10.5625, 5.25], "texture": "#0"},
				"down": {"uv": [10.0625, 5.375, 10.5625, 5.25], "texture": "#0"}
			}
		},
		{
			"name": "gun_barrels_interior",
			"from": [8.25, 2.5, -5.5],
			"to": [7.75, 0, -13.5],
			"rotation": {"angle": -22.5, "axis": "x", "origin": [9, 3, -0.75]},
			"faces": {
				"east": {"uv": [8.4375, 5.625, 9.4375, 5.3125], "texture": "#0"},
				"west": {"uv": [9.4375, 5.625, 8.4375, 5.3125], "texture": "#0"}
			}
		},
		{
			"name": "gun_barrels_interior_2",
			"from": [9.25, 1.5, -5.5],
			"to": [6.75, 1, -13.5],
			"rotation": {"angle": -22.5, "axis": "x", "origin": [8, 3, -0.75]},
			"faces": {
				"up": {"uv": [9.4375, 5.625, 8.4375, 5.3125], "rotation": 90, "texture": "#0"},
				"down": {"uv": [8.4375, 5.3125, 9.4375, 5.625], "rotation": 90, "texture": "#0"}
			}
		},
		{
			"name": "left_engine",
			"from": [-10, 4.5, 12],
			"to": [-3, 11.5, 22],
			"rotation": {"angle": 0, "axis": "y", "origin": [-6.5, 8, 17]},
			"faces": {
				"north": {"uv": [3.25, 7.25, 4.125, 8.125], "texture": "#0"},
				"east": {"uv": [6.5, 7.125, 5.25, 8], "texture": "#0"},
				"south": {"uv": [0, 7.5, 0.875, 8.375], "texture": "#0"},
				"west": {"uv": [5.25, 7.125, 6.5, 8], "texture": "#0"},
				"up": {"uv": [7.5, 7.125, 6.625, 8.375], "texture": "#0"},
				"down": {"uv": [3.125, 7.25, 2.25, 8.5], "texture": "#0"}
			}
		},
		{
			"name": "left_engine_interior",
			"from": [-4, 10.5, 22],
			"to": [-9, 5.5, 12],
			"rotation": {"angle": 0, "axis": "y", "origin": [-6.5, 8, 17]},
			"faces": {
				"east": {"uv": [2.25, 9.1875, 3.5, 8.5625], "texture": "#0"},
				"west": {"uv": [3.5, 9.1875, 2.25, 8.5625], "texture": "#0"},
				"up": {"uv": [3.5625, 9.4375, 4.1875, 8.1875], "texture": "#0"},
				"down": {"uv": [3.5625, 8.1875, 4.1875, 9.4375], "texture": "#0"}
			}
		},
		{
			"name": "left_support",
			"from": [-3, 7, 15.75],
			"to": [-2, 9, 15.75],
			"rotation": {"angle": 0, "axis": "y", "origin": [-2.5, 8, 15.75]},
			"faces": {
				"north": {"uv": [6, 6.375, 6.125, 6.625], "texture": "#0"},
				"south": {"uv": [6, 6.375, 6.125, 6.625], "texture": "#0"}
			}
		},
		{
			"name": "left_propeller",
			"from": [-9, 5.5, 14],
			"to": [-4, 10.5, 14],
			"rotation": {"angle": 0, "axis": "y", "origin": [-6.5, 8, 14]},
			"faces": {
				"north": {"uv": [0, 0, 10.025, 9.975], "texture": "#1"},
				"south": {"uv": [10.025, 0, 0, 9.975], "texture": "#1"}
			}
		},
		{
			"name": "right_engine",
			"from": [19, 4.5, 12],
			"to": [26, 11.5, 22],
			"rotation": {"angle": 0, "axis": "y", "origin": [22.5, 8, 17]},
			"faces": {
				"north": {"uv": [4.125, 7.25, 3.25, 8.125], "texture": "#0"},
				"east": {"uv": [6.5, 7.125, 5.25, 8], "texture": "#0"},
				"south": {"uv": [0.875, 7.5, 0, 8.375], "texture": "#0"},
				"west": {"uv": [5.25, 7.125, 6.5, 8], "texture": "#0"},
				"up": {"uv": [6.625, 7.125, 7.5, 8.375], "texture": "#0"},
				"down": {"uv": [2.25, 7.25, 3.125, 8.5], "texture": "#0"}
			}
		},
		{
			"name": "right_engine_interior",
			"from": [25, 10.5, 22],
			"to": [20, 5.5, 12],
			"rotation": {"angle": 0, "axis": "y", "origin": [22.5, 8, 17]},
			"faces": {
				"east": {"uv": [2.25, 9.1875, 3.5, 8.5625], "texture": "#0"},
				"west": {"uv": [3.5, 9.1875, 2.25, 8.5625], "texture": "#0"},
				"up": {"uv": [4.1875, 9.4375, 3.5625, 8.1875], "texture": "#0"},
				"down": {"uv": [4.1875, 8.1875, 3.5625, 9.4375], "texture": "#0"}
			}
		},
		{
			"name": "right_support",
			"from": [18, 7, 15.75],
			"to": [19, 9, 15.75],
			"rotation": {"angle": 0, "axis": "y", "origin": [18.5, 8, 15.75]},
			"faces": {
				"north": {"uv": [6.125, 6.375, 6, 6.625], "texture": "#0"},
				"south": {"uv": [6.125, 6.375, 6, 6.625], "texture": "#0"}
			}
		},
		{
			"name": "right_propeller",
			"from": [20, 5.5, 14],
			"to": [25, 10.5, 14],
			"rotation": {"angle": 0, "axis": "y", "origin": [22.5, 8, 14]},
			"faces": {
				"north": {"uv": [10.025, 0, 0, 9.975], "texture": "#1"},
				"south": {"uv": [0, 0, 10.025, 9.975], "texture": "#1"}
			}
		},
		{
			"name": "seat",
			"from": [4.5, -9.5, 11.5],
			"to": [11.5, -8, 18.5],
			"rotation": {"angle": 0, "axis": "y", "origin": [8, -8.5, 15]},
			"faces": {
				"north": {"uv": [8, 1.25, 8.875, 1.4375], "texture": "#0"},
				"east": {"uv": [9.1875, 1.25, 10.0625, 1.4375], "texture": "#0"},
				"south": {"uv": [8, 1.5, 8.875, 1.6875], "texture": "#0"},
				"west": {"uv": [9.1875, 1.25, 10.0625, 1.4375], "texture": "#0"},
				"up": {"uv": [8, 0.3125, 8.875, 1.1875], "texture": "#0"},
				"down": {"uv": [9.1875, 0.3125, 10.0625, 1.1875], "texture": "#0"}
			}
		},
		{
			"name": "harness",
			"from": [4.5, -8, 15],
			"to": [11.5, 6, 16.5],
			"rotation": {"angle": 0, "axis": "y", "origin": [8, -2.5, 15.75]},
			"faces": {
				"east": {"uv": [10.125, 0.25, 10.3125, 2], "texture": "#0"},
				"west": {"uv": [10.125, 0.25, 10.3125, 2], "texture": "#0"}
			}
		},
		{
			"name": "harness inverted",
			"from": [11.5, 6, 16.5],
			"to": [4.5, -8, 15],
			"rotation": {"angle": 0, "axis": "y", "origin": [8, -2.5, 15.75]},
			"faces": {
				"east": {"uv": [10.125, 2, 10.3125, 0.25], "texture": "#0"},
				"west": {"uv": [10.125, 2, 10.3125, 0.25], "texture": "#0"}
			}
		},
		{
			"name": "left_arm",
			"from": [0.979, 5.979, -2.061],
			"to": [2.521, 8.021, 14.981],
			"rotation": {"angle": 0, "axis": "y", "origin": [1.75, 7, 6.46]},
			"faces": {
				"north": {"uv": [9.75, 1.8125, 9.9375, 2.0625], "texture": "#0"},
				"down": {"uv": [9.4375, 1.75, 9.625, 3.875], "texture": "#0"}
			}
		},
		{
			"name": "right_arm",
			"from": [13.479, 5.979, -2.061],
			"to": [15.021, 8.021, 14.981],
			"rotation": {"angle": 0, "axis": "y", "origin": [14.25, 7, 6.46]},
			"faces": {
				"north": {"uv": [9.75, 2.0625, 9.9375, 1.8125], "texture": "#0"},
				"down": {"uv": [9.5, 3.875, 9.6875, 1.75], "texture": "#0"}
			}
		}
	],
	"gui_light": "front",
	"display": {
		"thirdperson_righthand": {
			"rotation": [69, 44, -52],
			"translation": [0, 4.25, 0],
			"scale": [0.28, 0.28, 0.28]
		},
		"thirdperson_lefthand": {
			"rotation": [69, 44, -52],
			"translation": [0, 4.25, 0],
			"scale": [0.28, 0.28, 0.28]
		},
		"firstperson_righthand": {
			"rotation": [78.56, -23.24, 62.9],
			"translation": [0, 4.5, 0],
			"scale": [0.26, 0.26, 0.26]
		},
		"firstperson_lefthand": {
			"rotation": [78.56, -23.24, 62.9],
			"translation": [0, 4.5, 0],
			"scale": [0.26, 0.26, 0.26]
		},
		"ground": {
			"scale": [0.2, 0.2, 0.2]
		},
		"gui": {
			"rotation": [30, 135, 0],
			"translation": [-0.25, -1, 0],
			"scale": [0.32, 0.32, 0.32]
		},
		"head": {
			"translation": [0, -39.25, 0],
			"scale": [4, 4, 4]
		},
		"fixed": {
			"rotation": [-90, 0, 0],
			"translation": [0, 0, -11.25]
		}
	},
	"groups": [
		{
			"name": "blimp",
			"origin": [8, 8, 8],
			"color": 0,
			"nbt": "{}",
			"children": [
				0,
				1,
				2,
				3,
				4,
				5,
				6,
				7,
				8,
				9,
				10,
				{
					"name": "gun",
					"origin": [15, 7.5, 21.5],
					"color": 0,
					"nbt": "{}",
					"children": [11, 12, 13, 14, 15, 16, 17]
				},
				{
					"name": "left_engine",
					"origin": [-6.5, 0, 14],
					"color": 0,
					"nbt": "{}",
					"children": [18, 19, 20, 21]
				},
				{
					"name": "right_engine",
					"origin": [-6.5, 0, 14],
					"color": 0,
					"nbt": "{}",
					"children": [22, 23, 24, 25]
				},
				26,
				27,
				28,
				29,
				30
			]
		}
	]
}