{
	"credit": "Made with Blockbench, by EnderIzzy124",
	"texture_size": [128, 128],
	"textures": {
		"1": "item/desert_fighter_texture"
	},
	"elements": [
		{
			"name": "body",
			"from": [3.9999, -4.0001, -7.5001],
			"to": [12.0001, 2.0001, 24.0001],
			"rotation": {"angle": 0, "axis": "y", "origin": [7.75, -0.25, 9]},
			"faces": {
				"north": {"uv": [6, 6.625, 7, 7.375], "texture": "#1"},
				"east": {"uv": [8.3125, 0, 4.375, 0.75], "texture": "#1"},
				"west": {"uv": [4.375, 0, 8.3125, 0.75], "texture": "#1"},
				"up": {"uv": [4.25, 3.9375, 3.25, 0], "texture": "#1"},
				"down": {"uv": [4.25, 4.125, 3.25, 8.0625], "texture": "#1"}
			}
		},
		{
			"name": "left_body",
			"from": [-0.5, -5, 0],
			"to": [5.5, -2, 22],
			"rotation": {"angle": 0, "axis": "y", "origin": [0.5, -2.5, 9.5]},
			"faces": {
				"north": {"uv": [7.875, 2.25, 8.625, 2.625], "texture": "#1"},
				"south": {"uv": [7.875, 2.75, 8.625, 3.125], "texture": "#1"},
				"west": {"uv": [5.875, 5.25, 8.625, 5.625], "texture": "#1"},
				"up": {"uv": [1.625, 7.75, 0.875, 5], "texture": "#1"},
				"down": {"uv": [2.5, 5, 1.75, 7.75], "texture": "#1"}
			}
		},
		{
			"name": "right_body",
			"from": [10.5, -5, 0],
			"to": [16.5, -2, 22],
			"rotation": {"angle": 0, "axis": "y", "origin": [15.5, -2.5, 9.5]},
			"faces": {
				"north": {"uv": [8.625, 2.25, 7.875, 2.625], "texture": "#1"},
				"east": {"uv": [8.625, 5.25, 5.875, 5.625], "texture": "#1"},
				"south": {"uv": [8.625, 2.75, 7.875, 3.125], "texture": "#1"},
				"up": {"uv": [0.875, 7.75, 1.625, 5], "texture": "#1"},
				"down": {"uv": [1.75, 5, 2.5, 7.75], "texture": "#1"}
			}
		},
		{
			"name": "thruster",
			"from": [1.9875, -3.5125, 21.9875],
			"to": [14.0125, 2.5125, 28.0125],
			"rotation": {"angle": 0, "axis": "y", "origin": [8, -2, 24.49063]},
			"faces": {
				"north": {"uv": [5.875, 5.75, 7.375, 6.5], "texture": "#1"},
				"east": {"uv": [7.875, 6.625, 7.125, 7.375], "texture": "#1"},
				"south": {"uv": [6.25, 1.75, 7.75, 2.5], "texture": "#1"},
				"west": {"uv": [7.125, 6.625, 7.875, 7.375], "texture": "#1"},
				"up": {"uv": [7.75, 3.375, 6.25, 2.625], "texture": "#1"},
				"down": {"uv": [5.875, 6.625, 4.375, 7.375], "texture": "#1"}
			}
		},
		{
			"name": "thrusters_2",
			"from": [2.9825, -5.5175, 19.9825],
			"to": [13.0175, -3.4825, 27.98],
			"rotation": {"angle": 0, "axis": "y", "origin": [8, -2, 24.49063]},
			"faces": {
				"north": {"uv": [7.25, 4.875, 8.5, 5.125], "texture": "#1"},
				"east": {"uv": [9, 6.5, 8, 6.75], "texture": "#1"},
				"south": {"uv": [7.625, 0.875, 8.875, 1.125], "texture": "#1"},
				"west": {"uv": [8, 6.5, 9, 6.75], "texture": "#1"},
				"down": {"uv": [7.125, 4.125, 5.875, 5.125], "texture": "#1"}
			}
		},
		{
			"name": "nose",
			"from": [4.75, -4, -12.5],
			"to": [11.25, 0.5, -7.5],
			"rotation": {"angle": 0, "axis": "y", "origin": [8.75, -1.75, -11.5]},
			"faces": {
				"north": {"uv": [6.25, 7.5, 7.0625, 8.0625], "texture": "#1"},
				"east": {"uv": [7.875, 7.5, 7.25, 8.0625], "texture": "#1"},
				"west": {"uv": [7.25, 7.5, 7.875, 8.0625], "texture": "#1"},
				"up": {"uv": [6.0625, 8.125, 5.25, 7.5], "texture": "#1"},
				"down": {"uv": [8.3125, 5.75, 7.5, 6.375], "texture": "#1"}
			}
		},
		{
			"name": "nose_2",
			"from": [6.25, -3.5, -16],
			"to": [9.75, 0.5, -12.5],
			"rotation": {"angle": 0, "axis": "y", "origin": [10.25, -1.75, -11.5]},
			"faces": {
				"north": {"uv": [6.4375, 7.5, 6.875, 8], "texture": "#1"},
				"east": {"uv": [3.0625, 5, 2.625, 5.5], "texture": "#1"},
				"west": {"uv": [2.625, 5, 3.0625, 5.5], "texture": "#1"},
				"up": {"uv": [5.6875, 4.5625, 5.25, 4.125], "texture": "#1"},
				"down": {"uv": [3.0625, 5.625, 2.625, 6.0625], "texture": "#1"}
			}
		},
		{
			"name": "left_wing",
			"from": [-12.5, -3.5, -6],
			"to": [7, -3.5, 30],
			"rotation": {"angle": 0, "axis": "y", "origin": [-2.75, -3.5, 12]},
			"faces": {
				"up": {"uv": [0.5625, 0, 3, 4.5], "texture": "#1"},
				"down": {"uv": [0.5625, 4.5, 3, 0], "texture": "#1"}
			}
		},
		{
			"name": "right_wing",
			"from": [9, -3.5, -6],
			"to": [28.5, -3.5, 30],
			"rotation": {"angle": 0, "axis": "y", "origin": [18.75, -3.5, 12]},
			"faces": {
				"up": {"uv": [3, 0, 0.5625, 4.5], "texture": "#1"},
				"down": {"uv": [3, 4.5, 0.5625, 0], "texture": "#1"}
			}
		},
		{
			"name": "left_flap",
			"from": [8, 2, 9.5],
			"to": [8, 12.5, 24.5],
			"rotation": {"angle": 0, "axis": "y", "origin": [8, 6.75, 21.5]},
			"faces": {
				"east": {"uv": [9.1875, 3.625, 11.0625, 4.9375], "texture": "#1"},
				"west": {"uv": [11.0625, 3.625, 9.1875, 4.9375], "texture": "#1"}
			}
		},
		{
			"name": "cockpit",
			"from": [4.75, 0.5, -10],
			"to": [11.25, 3.5, 7.5],
			"rotation": {"angle": 0, "axis": "y", "origin": [8, 2, 7.5]},
			"faces": {
				"north": {"uv": [7.625, 1.25, 8.4375, 1.625], "texture": "#1"},
				"east": {"uv": [8.4375, 3.5, 6.25, 3.875], "texture": "#1"},
				"south": {"uv": [7.875, 1.75, 8.6875, 2.125], "texture": "#1"},
				"west": {"uv": [6.25, 3.5, 8.4375, 3.875], "texture": "#1"},
				"up": {"uv": [6.0625, 3.9375, 5.25, 1.75], "texture": "#1"}
			}
		},
		{
			"name": "cockpit_indicator",
			"from": [5.25, 3.5, 0.5],
			"to": [10.75, 3.5, 6],
			"rotation": {"angle": 0, "axis": "y", "origin": [7.75, 3.5, 3]},
			"faces": {
				"up": {"uv": [2.3125, 8.625, 1.625, 7.9375], "texture": "#1", "tintindex": 0}
			}
		},
		{
			"name": "left_intake_vent",
			"from": [2, -6.5, -5],
			"to": [8, -0.5, 20],
			"rotation": {"angle": 0, "axis": "y", "origin": [5, -2.5, 7.5]},
			"faces": {
				"north": {"uv": [7.25, 4, 8, 4.75], "texture": "#1"},
				"south": {"uv": [4.375, 7.5, 5.125, 8.25], "texture": "#1"},
				"west": {"uv": [4.375, 0.875, 7.5, 1.625], "texture": "#1"},
				"up": {"uv": [5.125, 4.875, 4.375, 1.75], "texture": "#1"},
				"down": {"uv": [0.75, 5, 0, 8.125], "texture": "#1"}
			}
		},
		{
			"name": "right_intake_vent",
			"from": [8, -6.5, -5],
			"to": [14, -0.5, 20],
			"rotation": {"angle": 0, "axis": "y", "origin": [11, -2.5, 7.5]},
			"faces": {
				"north": {"uv": [8, 4, 7.25, 4.75], "texture": "#1"},
				"east": {"uv": [7.5, 0.875, 4.375, 1.625], "texture": "#1"},
				"south": {"uv": [5.125, 7.5, 4.375, 8.25], "texture": "#1"},
				"up": {"uv": [4.375, 4.875, 5.125, 1.75], "texture": "#1"},
				"down": {"uv": [0, 5, 0.75, 8.125], "texture": "#1"}
			}
		},
		{
			"name": "left_missile_port",
			"from": [-7, -4.5, 4],
			"to": [-5, -2.5, 14],
			"rotation": {"angle": 45, "axis": "z", "origin": [-6, -3.5, 9]},
			"faces": {
				"north": {"uv": [2.625, 6.1875, 2.875, 6.4375], "texture": "#1"},
				"east": {"uv": [2.875, 6.5625, 2.625, 7.8125], "rotation": 90, "texture": "#1"},
				"south": {"uv": [2.9375, 6.1875, 3.1875, 6.4375], "texture": "#1"},
				"west": {"uv": [2.9375, 6.5625, 3.1875, 7.8125], "rotation": 90, "texture": "#1"},
				"up": {"uv": [2.625, 6.5625, 2.875, 7.8125], "texture": "#1"},
				"down": {"uv": [3.1875, 6.5625, 2.9375, 7.8125], "texture": "#1"}
			}
		},
		{
			"name": "right_missile_port",
			"from": [21, -4.5, 4],
			"to": [23, -2.5, 14],
			"rotation": {"angle": -45, "axis": "z", "origin": [22, -3.5, 9]},
			"faces": {
				"north": {"uv": [2.875, 6.1875, 2.625, 6.4375], "texture": "#1"},
				"east": {"uv": [2.9375, 7.8125, 3.1875, 6.5625], "rotation": 90, "texture": "#1"},
				"south": {"uv": [3.1875, 6.1875, 2.9375, 6.4375], "texture": "#1"},
				"west": {"uv": [2.875, 7.8125, 2.625, 6.5625], "rotation": 90, "texture": "#1"},
				"up": {"uv": [2.875, 6.5625, 2.625, 7.8125], "texture": "#1"},
				"down": {"uv": [2.9375, 6.5625, 3.1875, 7.8125], "texture": "#1"}
			}
		},
		{
			"name": "left_accent",
			"from": [1.995, -6.505, -3.005],
			"to": [5.005, -4.495, 11.005],
			"rotation": {"angle": 0, "axis": "y", "origin": [3.5, -5.5, 4]},
			"faces": {
				"west": {"uv": [1.5625, 7.9375, 1.3125, 9.6875], "rotation": 90, "texture": "#1", "tintindex": 0},
				"down": {"uv": [1.25, 9.6875, 0.875, 7.9375], "texture": "#1", "tintindex": 0}
			}
		},
		{
			"name": "right_accent",
			"from": [10.995, -6.505, -3.005],
			"to": [14.005, -4.495, 11.005],
			"rotation": {"angle": 0, "axis": "y", "origin": [12.5, -5.5, 4]},
			"faces": {
				"east": {"uv": [1.5625, 9.6875, 1.3125, 7.9375], "rotation": 90, "texture": "#1", "tintindex": 0},
				"down": {"uv": [0.875, 9.6875, 1.25, 7.9375], "texture": "#1", "tintindex": 0}
			}
		},
		{
			"from": [2, -2, 20],
			"to": [4, -0.5, 22],
			"rotation": {"angle": 0, "axis": "y", "origin": [2, -2, 20]},
			"faces": {
				"west": {"uv": [0.3125, 8.1875, 0.5625, 8.375], "texture": "#1"},
				"up": {"uv": [0, 8.1875, 0.25, 8.4375], "texture": "#1"}
			}
		}
	],
	"display": {
		"thirdperson_righthand": {
			"rotation": [69, 44, -52],
			"translation": [0, 4.25, 0],
			"scale": [0.28, 0.28, 0.28]
		},
		"thirdperson_lefthand": {
			"rotation": [69, 44, -52],
			"translation": [0, 4.25, 0],
			"scale": [0.28, 0.28, 0.28]
		},
		"firstperson_righthand": {
			"rotation": [78.56, -23.24, 62.9],
			"translation": [0, 4.5, 0],
			"scale": [0.26, 0.26, 0.26]
		},
		"firstperson_lefthand": {
			"rotation": [78.56, -23.24, 62.9],
			"translation": [0, 4.5, 0],
			"scale": [0.26, 0.26, 0.26]
		},
		"ground": {
			"rotation": [45, 0, 45],
			"translation": [0, 5, 0],
			"scale": [0.29, 0.29, 0.29]
		},
		"gui": {
			"rotation": [30, 134, 0],
			"translation": [-0.75, 1.75, 0],
			"scale": [0.35, 0.35, 0.35]
		},
		"head": {
			"translation": [0, 43, 0],
			"scale": [4, 4, 4]
		},
		"fixed": {
			"rotation": [-90, 0, 0],
			"translation": [0, 0, -14]
		}
	},
	"groups": [
		{
			"name": "desert_fighter",
			"origin": [8, 8, 8],
			"color": 1,
			"nbt": "{}",
			"children": [0, 1, 2, 3, 4, 5, 6, 7, 8, 9, 10, 11, 12, 13, 14, 15, 16, 17, 18]
		}
	]
}