{
	"credit": "Made with Blockbench, by EnderIzzy124",
	"textures": {
		"0": "item/grappling_hook_texture",
		"particle": "item/grappling_hook_texture"
	},
	"elements": [
		{
			"name": "grappling_hook_1",
			"from": [8, 3.5, 1.75],
			"to": [8, 12.5, 13.75],
			"rotation": {"angle": 0, "axis": "x", "origin": [8, 8, 8]},
			"faces": {
				"east": {"uv": [0, 0, 9, 12], "rotation": 90, "texture": "#0"},
				"west": {"uv": [0, 0, 9, 12], "rotation": 270, "texture": "#0"}
			}
		},
		{
			"name": "grappling_hook_2",
			"from": [3.5, 8, 1.75],
			"to": [12.5, 8, 13.75],
			"rotation": {"angle": 0, "axis": "x", "origin": [8, 8, 8]},
			"faces": {
				"up": {"uv": [0, 0, 9, 12], "texture": "#0"},
				"down": {"uv": [0, 0, 9, 12], "rotation": 180, "texture": "#0"}
			}
		},
		{
			"name": "grip_1",
			"from": [8, 7.5, 5.75],
			"to": [8, 8.5, 10.75],
			"rotation": {"angle": 0, "axis": "x", "origin": [8, 8, 8]},
			"faces": {
				"east": {"uv": [12, 0, 13, 5], "rotation": 90, "texture": "#0", "tintindex": 0},
				"west": {"uv": [12, 0, 13, 5], "rotation": 270, "texture": "#0", "tintindex": 0}
			}
		},
		{
			"name": "grip_2",
			"from": [7.5, 8, 5.75],
			"to": [8.5, 8, 10.75],
			"rotation": {"angle": 0, "axis": "x", "origin": [8, 8, 8]},
			"faces": {
				"up": {"uv": [12, 0, 13, 5], "texture": "#0", "tintindex": 0},
				"down": {"uv": [12, 0, 13, 5], "rotation": 180, "texture": "#0", "tintindex": 0}
			}
		}
	],
	"gui_light": "front",
	"display": {
		"thirdperson_righthand": {
			"rotation": [90, 0, 0],
			"translation": [0, -1, 0],
			"scale": [1.1, 1.1, 1.1]
		},
		"thirdperson_lefthand": {
			"rotation": [90, 0, 0],
			"translation": [0, -1, 0],
			"scale": [1.1, 1.1, 1.1]
		},
		"firstperson_righthand": {
			"rotation": [108, 0, 0],
			"translation": [2.5, 5, 0]
		},
		"firstperson_lefthand": {
			"rotation": [108, 0, 0],
			"translation": [2.5, 5, 0]
		},
		"ground": {
			"rotation": [45, 0, 0],
			"translation": [0, 3, 1.5]
		},
		"gui": {
			"rotation": [78, -41, 95],
			"translation": [-0.75, -0.5, 0],
			"scale": [1.25, 1.25, 1.25]
		},
		"head": {
			"rotation": [90, 0, 0],
			"translation": [0, 5, 0],
			"scale": [1.6, 1.6, 1.6]
		},
		"fixed": {
			"rotation": [-18, 0, 0],
			"translation": [0, 4.75, -5],
			"scale": [2, 2, 2]
		}
	},
	"groups": [
		{
			"name": "grappling_hook",
			"origin": [0, 2.25, 0],
			"color": 0,
			"nbt": "{}",
			"children": [0, 1, 2, 3]
		}
	]
}