{
	"credit": "Made with Blockbench, by EnderIzzy124",
	"textures": {
		"0": "item/magitech_missile_texture",
		"1": "item/magitech_missile_thrust",
		"particle": "item/magitech_missile_texture"
	},
	"elements": [
		{
			"name": "missile_body",
			"from": [7, 7, 0.5],
			"to": [9, 9, 15.5],
			"rotation": {"angle": 0, "axis": "y", "origin": [8, 8, 8]},
			"faces": {
				"north": {"uv": [0, 0, 1, 2], "texture": "#0"},
				"east": {"uv": [15, 0, 0, 2], "texture": "#0"},
				"south": {"uv": [14, 3, 16, 5], "texture": "#0", "tintindex": 0},
				"west": {"uv": [0, 0, 15, 2], "texture": "#0"},
				"up": {"uv": [0, 1, 15, 0], "rotation": 90, "texture": "#0"},
				"down": {"uv": [15, 1, 0, 2], "rotation": 90, "texture": "#0"}
			}
		},
		{
			"name": "head",
			"from": [8, 7.5, -1.5],
			"to": [8, 8.5, 0.5],
			"rotation": {"angle": 0, "axis": "y", "origin": [8, 8, 0.5]},
			"faces": {
				"east": {"uv": [10, 9, 8, 10], "texture": "#0", "tintindex": 0},
				"west": {"uv": [8, 9, 10, 10], "texture": "#0", "tintindex": 0}
			}
		},
		{
			"name": "vent",
			"from": [6.5, 6.5, 12.5],
			"to": [9.5, 9.5, 16.5],
			"rotation": {"angle": 0, "axis": "y", "origin": [8, 8, 13]},
			"faces": {
				"north": {"uv": [13, 6, 16, 9], "texture": "#0"},
				"east": {"uv": [4, 3, 0, 6], "texture": "#0"},
				"west": {"uv": [0, 3, 4, 6], "texture": "#0"},
				"up": {"uv": [0, 3, 4, 6], "rotation": 90, "texture": "#0"},
				"down": {"uv": [0, 7, 4, 10], "rotation": 90, "texture": "#0"}
			}
		},
		{
			"name": "top_fin",
			"from": [8, 9, 9],
			"to": [8, 11, 14],
			"rotation": {"angle": 0, "axis": "y", "origin": [8, 9, 11.5]},
			"faces": {
				"east": {"uv": [10, 3, 5, 5], "texture": "#0"},
				"west": {"uv": [5, 3, 10, 5], "texture": "#0"}
			}
		},
		{
			"name": "left_fin",
			"from": [5, 8, 9],
			"to": [7, 8, 14],
			"rotation": {"angle": 0, "axis": "y", "origin": [7, 8, 11.5]},
			"faces": {
				"up": {"uv": [10, 3, 5, 5], "rotation": 270, "texture": "#0"},
				"down": {"uv": [5, 8, 10, 6], "rotation": 270, "texture": "#0"}
			}
		},
		{
			"name": "right_fin",
			"from": [9, 8, 9],
			"to": [11, 8, 14],
			"rotation": {"angle": 0, "axis": "y", "origin": [9, 8, 11.5]},
			"faces": {
				"up": {"uv": [10, 5, 5, 3], "rotation": 270, "texture": "#0"},
				"down": {"uv": [5, 6, 10, 8], "rotation": 270, "texture": "#0"}
			}
		},
		{
			"name": "bottom_fin",
			"from": [8, 5, 9],
			"to": [8, 7, 14],
			"rotation": {"angle": 0, "axis": "y", "origin": [8, 6, 11.5]},
			"faces": {
				"east": {"uv": [10, 6, 5, 8], "texture": "#0"},
				"west": {"uv": [5, 6, 10, 8], "texture": "#0"}
			}
		},
		{
			"name": "vial",
			"from": [9, 9, 7.5],
			"to": [7, 7, 3.5],
			"rotation": {"angle": 0, "axis": "y", "origin": [-1, 0, 0]},
			"faces": {
				"north": {"uv": [15, 11, 16, 12], "texture": "#0"},
				"east": {"uv": [11, 14, 12, 15], "texture": "#0", "tintindex": 0},
				"south": {"uv": [15, 11, 16, 12], "texture": "#0"},
				"west": {"uv": [11, 14, 12, 15], "texture": "#0", "tintindex": 0},
				"up": {"uv": [11, 14, 12, 15], "texture": "#0", "tintindex": 0},
				"down": {"uv": [11, 14, 12, 15], "texture": "#0", "tintindex": 0}
			}
		},
		{
			"name": "fuel_rod",
			"from": [7.5, 7.5, 3.5],
			"to": [8.5, 8.5, 7.5],
			"rotation": {"angle": 0, "axis": "y", "origin": [8, 8, 4.5]},
			"faces": {
				"north": {"uv": [14, 14, 15, 15], "texture": "#0", "tintindex": 0},
				"east": {"uv": [14, 14, 15, 15], "texture": "#0", "tintindex": 0},
				"south": {"uv": [14, 14, 15, 15], "texture": "#0", "tintindex": 0},
				"west": {"uv": [14, 14, 15, 15], "texture": "#0", "tintindex": 0},
				"up": {"uv": [14, 14, 15, 15], "texture": "#0", "tintindex": 0},
				"down": {"uv": [14, 14, 15, 15], "texture": "#0", "tintindex": 0}
			}
		},
		{
			"name": "vent_face",
			"from": [6.5, 6.5, 14.5],
			"to": [9.5, 9.5, 14.5],
			"rotation": {"angle": 0, "axis": "y", "origin": [8, 8, 14.5]},
			"faces": {
				"south": {"uv": [0, 11, 3, 14], "texture": "#0"}
			}
		},
		{
			"name": "vent_interior",
			"from": [9.5, 9.5, 16.5],
			"to": [6.5, 6.5, 12.5],
			"rotation": {"angle": 0, "axis": "y", "origin": [8, 8, 13]},
			"faces": {
				"east": {"uv": [12, 4, 11, 7], "rotation": 90, "texture": "#0"},
				"south": {"uv": [13, 9, 16, 6], "texture": "#0"},
				"west": {"uv": [11, 7, 12, 4], "rotation": 90, "texture": "#0"},
				"up": {"uv": [12, 4, 11, 7], "texture": "#0"},
				"down": {"uv": [12, 7, 11, 4], "texture": "#0"}
			}
		},
		{
			"name": "thrust_1",
			"from": [8, 7.5, 15],
			"to": [8, 8.5, 21],
			"rotation": {"angle": 0, "axis": "y", "origin": [8, 8, 15]},
			"faces": {
				"east": {"uv": [12, 2, 0, 4], "texture": "#1", "tintindex": 0},
				"west": {"uv": [0, 2, 12, 4], "texture": "#1", "tintindex": 0}
			}
		},
		{
			"name": "thrust_2",
			"from": [7.5, 8, 15],
			"to": [8.5, 8, 21],
			"rotation": {"angle": 0, "axis": "y", "origin": [8, 8, 15]},
			"faces": {
				"up": {"uv": [12, 2, 0, 4], "rotation": 270, "texture": "#1", "tintindex": 0},
				"down": {"uv": [0, 2, 12, 4], "rotation": 270, "texture": "#1", "tintindex": 0}
			}
		}
	],
	"gui_light": "front",
	"display": {
		"thirdperson_righthand": {
			"rotation": [109.61, 39.47, 0.94],
			"translation": [-0.25, -1, -0.25]
		},
		"thirdperson_lefthand": {
			"rotation": [109.61, 39.47, 0.94],
			"translation": [-0.25, -1, -0.25]
		},
		"firstperson_righthand": {
			"rotation": [9, -29, -3],
			"translation": [1.13, 4.2, 1.13],
			"scale": [0.68, 0.68, 0.68]
		},
		"firstperson_lefthand": {
			"rotation": [9, -29, -3],
			"translation": [1.13, 4.2, 1.13],
			"scale": [0.68, 0.68, 0.68]
		},
		"ground": {
			"rotation": [45, 0, 0],
			"translation": [0, 2.75, 0],
			"scale": [0.5, 0.5, 0.5]
		},
		"gui": {
			"rotation": [-90, -135, -90],
			"translation": [1.25, 1.25, 0],
			"scale": [0.91, 0.91, 0.91]
		},
		"head": {
			"translation": [0, -6.4, -0.75],
			"scale": [1.6, 1.6, 1.6]
		},
		"fixed": {
			"rotation": [90, 45, -90],
			"translation": [-0.5, 0.5, 0],
			"scale": [1.6, 1.6, 1.6]
		}
	},
	"groups": [
		{
			"name": "magitech_missile",
			"origin": [8, 8, 8],
			"color": 0,
			"nbt": "{}",
			"children": [0, 1, 2, 3, 4, 5, 6, 7, 8, 9, 10, 11, 12]
		}
	]
}