{
	"credit": "Made with Blockbench, by EnderIzzy124",
	"textures": {
		"0": "item/small_spark",
		"particle": "item/small_spark"
	},
	"elements": [
		{
			"name": "northsouth",
			"from": [4, 4, 8],
			"to": [12, 12, 8],
			"rotation": {"angle": 0, "axis": "y", "origin": [8, 8, 8]},
			"faces": {
				"north": {"uv": [0, 0, 8, 8], "texture": "#0", "tintindex": 0},
				"south": {"uv": [0, 0, 8, 8], "texture": "#0", "tintindex": 0}
			}
		},
		{
			"name": "eastwest",
			"from": [8, 4, 4],
			"to": [8, 12, 12],
			"rotation": {"angle": 0, "axis": "y", "origin": [8, 8, 8]},
			"faces": {
				"east": {"uv": [8, 8, 0, 0], "texture": "#0", "tintindex": 0},
				"west": {"uv": [8, 8, 0, 0], "texture": "#0", "tintindex": 0}
			}
		},
		{
			"name": "updown",
			"from": [4, 8, 4],
			"to": [12, 8, 12],
			"rotation": {"angle": 0, "axis": "y", "origin": [8, 8, 8]},
			"faces": {
				"up": {"uv": [8, 0, 0, 8], "rotation": 270, "texture": "#0", "tintindex": 0},
				"down": {"uv": [8, 0, 0, 8], "rotation": 270, "texture": "#0", "tintindex": 0}
			}
		}
	],
	"gui_light": "front",
	"display": {
		"thirdperson_righthand": {
			"rotation": [75, 45, 0],
			"translation": [0, 2.5, 0],
			"scale": [0.375, 0.375, 0.375]
		},
		"thirdperson_lefthand": {
			"rotation": [75, 45, 0],
			"translation": [0, 2.5, 0],
			"scale": [0.375, 0.375, 0.375]
		},
		"firstperson_righthand": {
			"rotation": [0, 45, 0],
			"translation": [0, 0.25, 0]
		},
		"firstperson_lefthand": {
			"rotation": [0, 45, 0],
			"translation": [0, 0.25, 0]
		},
		"ground": {
			"scale": [0.5, 0.5, 0.5]
		},
		"gui": {
			"rotation": [30, 225, 0],
			"translation": [0.75, 0, 0],
			"scale": [0.935, 0.935, 0.935]
		},
		"head": {
			"translation": [0, 2.5, 0],
			"scale": [2, 2, 2]
		}
	},
	"groups": [
		{
			"name": "small_energy_ball",
			"origin": [0, 0, 0],
			"color": 0,
			"nbt": "{}",
			"children": [0, 1, 2]
		}
	]
}