{
	"credit": "Made with Blockbench",
	"textures": {
		"particle": "item/shield",
		"texture": "item/shield"
	},
	"elements": [
		{
			"from": [1, 9, 7],
			"to": [2, 15, 8],
			"faces": {
				"north": {"uv": [14, 1, 15, 7], "texture": "#texture"},
				"east": {"uv": [1, 1, 2, 7], "texture": "#texture"},
				"south": {"uv": [1, 1, 2, 7], "texture": "#texture"},
				"west": {"uv": [1, 1, 2, 7], "texture": "#texture"},
				"up": {"uv": [1, 1, 2, 2], "texture": "#texture"},
				"down": {"uv": [15, 7, 14, 6], "texture": "#texture"}
			}
		},
		{
			"from": [2, 5, 7],
			"to": [3, 9, 8],
			"faces": {
				"north": {"uv": [13, 7, 14, 11], "texture": "#texture"},
				"east": {"uv": [2, 7, 3, 11], "texture": "#texture"},
				"south": {"uv": [2, 7, 3, 11], "texture": "#texture"},
				"west": {"uv": [2, 7, 3, 11], "texture": "#texture"},
				"up": {"uv": [2, 7, 3, 8], "texture": "#texture"},
				"down": {"uv": [14, 8, 13, 7], "texture": "#texture"}
			}
		},
		{
			"from": [3, 3, 7],
			"to": [4, 5, 8],
			"faces": {
				"north": {"uv": [12, 11, 13, 13], "texture": "#texture"},
				"east": {"uv": [3, 11, 4, 13], "texture": "#texture"},
				"south": {"uv": [3, 11, 4, 13], "texture": "#texture"},
				"west": {"uv": [3, 11, 4, 13], "texture": "#texture"},
				"up": {"uv": [3, 11, 4, 12], "texture": "#texture"},
				"down": {"uv": [2, 7, 3, 8], "texture": "#texture"}
			}
		},
		{
			"from": [4, 2, 7],
			"to": [6, 3, 8],
			"faces": {
				"north": {"uv": [10, 13, 12, 14], "texture": "#texture"},
				"east": {"uv": [5, 13, 6, 14], "texture": "#texture"},
				"south": {"uv": [4, 13, 6, 14], "texture": "#texture"},
				"west": {"uv": [4, 13, 5, 14], "texture": "#texture"},
				"up": {"uv": [4, 13, 6, 14], "texture": "#texture"},
				"down": {"uv": [4, 13, 6, 14], "texture": "#texture"}
			}
		},
		{
			"from": [6, 1, 7],
			"to": [7, 2, 8],
			"faces": {
				"north": {"uv": [9, 14, 10, 15], "texture": "#texture"},
				"east": {"uv": [6, 14, 7, 15], "texture": "#texture"},
				"south": {"uv": [6, 14, 7, 15], "texture": "#texture"},
				"west": {"uv": [6, 14, 7, 15], "texture": "#texture"},
				"up": {"uv": [6, 14, 7, 15], "texture": "#texture"},
				"down": {"uv": [2, 7, 3, 8], "texture": "#texture"}
			}
		},
		{
			"from": [7, 0, 7],
			"to": [9, 1, 8],
			"faces": {
				"north": {"uv": [7, 15, 9, 16], "texture": "#texture"},
				"east": {"uv": [8, 15, 9, 16], "texture": "#texture"},
				"south": {"uv": [7, 15, 9, 16], "texture": "#texture"},
				"west": {"uv": [7, 15, 8, 16], "texture": "#texture"},
				"up": {"uv": [7, 15, 9, 16], "texture": "#texture"},
				"down": {"uv": [7, 15, 9, 16], "texture": "#texture", "cullface": "down"}
			}
		},
		{
			"from": [9, 1, 7],
			"to": [10, 2, 8],
			"faces": {
				"north": {"uv": [6, 14, 7, 15], "texture": "#texture"},
				"east": {"uv": [6, 14, 7, 15], "texture": "#texture"},
				"south": {"uv": [9, 14, 10, 15], "texture": "#texture"},
				"west": {"uv": [6, 14, 7, 15], "texture": "#texture"},
				"up": {"uv": [9, 14, 10, 15], "texture": "#texture"},
				"down": {"uv": [9, 14, 10, 15], "texture": "#texture"}
			}
		},
		{
			"from": [10, 2, 7],
			"to": [12, 3, 8],
			"faces": {
				"north": {"uv": [4, 13, 6, 14], "texture": "#texture"},
				"east": {"uv": [5, 13, 6, 14], "texture": "#texture"},
				"south": {"uv": [10, 13, 12, 14], "texture": "#texture"},
				"west": {"uv": [5, 13, 6, 14], "texture": "#texture"},
				"up": {"uv": [10, 13, 12, 14], "texture": "#texture"},
				"down": {"uv": [10, 13, 12, 14], "texture": "#texture"}
			}
		},
		{
			"from": [12, 3, 7],
			"to": [13, 5, 8],
			"faces": {
				"north": {"uv": [3, 11, 4, 13], "texture": "#texture"},
				"east": {"uv": [3, 11, 4, 13], "texture": "#texture"},
				"south": {"uv": [12, 11, 13, 13], "texture": "#texture"},
				"west": {"uv": [3, 11, 4, 13], "texture": "#texture"},
				"up": {"uv": [12, 11, 13, 12], "texture": "#texture"},
				"down": {"uv": [13, 7, 14, 8], "texture": "#texture"}
			}
		},
		{
			"from": [13, 5, 7],
			"to": [14, 9, 8],
			"faces": {
				"north": {"uv": [2, 7, 3, 11], "texture": "#texture"},
				"east": {"uv": [2, 7, 3, 11], "texture": "#texture"},
				"south": {"uv": [13, 7, 14, 11], "texture": "#texture"},
				"west": {"uv": [2, 7, 3, 11], "texture": "#texture"},
				"up": {"uv": [13, 7, 14, 8], "texture": "#texture"},
				"down": {"uv": [3, 8, 2, 7], "texture": "#texture"}
			}
		},
		{
			"from": [14, 9, 7],
			"to": [15, 15, 8],
			"faces": {
				"north": {"uv": [1, 1, 2, 7], "texture": "#texture"},
				"east": {"uv": [1, 1, 2, 7], "texture": "#texture"},
				"south": {"uv": [14, 1, 15, 7], "texture": "#texture"},
				"west": {"uv": [1, 1, 2, 7], "texture": "#texture"},
				"up": {"uv": [14, 6, 15, 7], "texture": "#texture"},
				"down": {"uv": [14, 6, 15, 7], "texture": "#texture"}
			}
		},
		{
			"from": [2, 14, 7],
			"to": [5, 15, 8],
			"faces": {
				"north": {"uv": [2, 1, 5, 2], "texture": "#texture"},
				"east": {"uv": [2, 1, 5, 2], "texture": "#texture"},
				"south": {"uv": [2, 1, 5, 2], "texture": "#texture"},
				"west": {"uv": [2, 1, 5, 2], "texture": "#texture"},
				"up": {"uv": [2, 1, 5, 2], "texture": "#texture"},
				"down": {"uv": [2, 1, 5, 2], "texture": "#texture"}
			}
		},
		{
			"from": [11, 14, 7],
			"to": [14, 15, 8],
			"faces": {
				"north": {"uv": [11, 1, 14, 2], "texture": "#texture"},
				"east": {"uv": [11, 1, 14, 2], "texture": "#texture"},
				"south": {"uv": [11, 1, 14, 2], "texture": "#texture"},
				"west": {"uv": [11, 1, 14, 2], "texture": "#texture"},
				"up": {"uv": [11, 1, 14, 2], "texture": "#texture"},
				"down": {"uv": [11, 1, 14, 2], "texture": "#texture"}
			}
		},
		{
			"from": [5, 15, 7],
			"to": [11, 16, 8],
			"faces": {
				"north": {"uv": [5, 0, 11, 1], "texture": "#texture"},
				"east": {"uv": [8, 0, 9, 1], "texture": "#texture"},
				"south": {"uv": [5, 0, 11, 1], "texture": "#texture"},
				"west": {"uv": [7, 0, 8, 1], "texture": "#texture"},
				"up": {"uv": [11, 1, 5, 0], "texture": "#texture", "cullface": "up"},
				"down": {"uv": [11, 1, 5, 0], "texture": "#texture"}
			}
		},
		{
			"from": [7.5, 10, 8],
			"to": [8.5, 11, 13],
			"faces": {
				"north": {"uv": [0, 0, 0, 0], "texture": "#texture"},
				"east": {"uv": [5, 1, 10, 2], "texture": "#texture"},
				"south": {"uv": [7, 1, 8, 2], "texture": "#texture"},
				"west": {"uv": [5, 1, 10, 2], "texture": "#texture"},
				"up": {"uv": [13, 2, 14, 7], "texture": "#texture"},
				"down": {"uv": [13, 2, 14, 7], "texture": "#texture"}
			}
		},
		{
			"from": [7.5, 6, 12],
			"to": [8.5, 10, 13],
			"faces": {
				"north": {"uv": [11, 7, 12, 11], "texture": "#texture"},
				"east": {"uv": [5, 3, 9, 4], "rotation": 90, "texture": "#texture"},
				"south": {"uv": [11, 7, 12, 11], "texture": "#texture"},
				"west": {"uv": [5, 3, 9, 4], "rotation": 90, "texture": "#texture"},
				"up": {"uv": [0, 0, 0, 0], "texture": "#texture"},
				"down": {"uv": [0, 0, 0, 0], "texture": "#texture"}
			}
		},
		{
			"from": [7.5, 5, 8],
			"to": [8.5, 6, 13],
			"faces": {
				"north": {"uv": [0, 0, 0, 0], "texture": "#texture"},
				"east": {"uv": [5, 1, 10, 2], "texture": "#texture"},
				"south": {"uv": [8, 1, 9, 2], "texture": "#texture"},
				"west": {"uv": [5, 1, 10, 2], "texture": "#texture"},
				"up": {"uv": [3, 6, 4, 11], "texture": "#texture"},
				"down": {"uv": [3, 6, 4, 11], "texture": "#texture"}
			}
		},
		{
			"name": "1",
			"from": [3, 5, 6.5],
			"to": [13, 9, 7.5],
			"faces": {
				"north": {"uv": [3, 7, 13, 11], "texture": "#texture"},
				"east": {"uv": [3, 7, 4, 11], "texture": "#texture"},
				"south": {"uv": [3, 7, 13, 11], "texture": "#texture"},
				"west": {"uv": [12, 7, 13, 11], "texture": "#texture"},
				"up": {"uv": [3, 2, 4, 3], "texture": "#texture"},
				"down": {"uv": [3, 2, 4, 3], "texture": "#texture"}
			}
		},
		{
			"name": "2",
			"from": [4, 3, 6.5],
			"to": [12, 5, 7.5],
			"faces": {
				"north": {"uv": [4, 11, 12, 13], "texture": "#texture"},
				"east": {"uv": [4, 11, 5, 13], "texture": "#texture"},
				"south": {"uv": [4, 11, 12, 13], "texture": "#texture"},
				"west": {"uv": [11, 11, 12, 13], "texture": "#texture"},
				"up": {"uv": [3, 2, 4, 3], "texture": "#texture"},
				"down": {"uv": [3, 2, 4, 3], "texture": "#texture"}
			}
		},
		{
			"name": "3",
			"from": [6, 2, 6.5],
			"to": [10, 3, 7.5],
			"faces": {
				"north": {"uv": [6, 13, 10, 14], "texture": "#texture"},
				"east": {"uv": [6, 13, 7, 14], "texture": "#texture"},
				"south": {"uv": [5, 13, 11, 14], "texture": "#texture"},
				"west": {"uv": [9, 13, 10, 14], "texture": "#texture"},
				"up": {"uv": [3, 2, 4, 3], "texture": "#texture"},
				"down": {"uv": [3, 2, 4, 3], "texture": "#texture"}
			}
		},
		{
			"name": "4",
			"from": [5, 14, 6.5],
			"to": [11, 15, 7.5],
			"faces": {
				"north": {"uv": [5, 1, 11, 2], "texture": "#texture"},
				"east": {"uv": [3, 2, 4, 3], "texture": "#texture"},
				"south": {"uv": [5, 1, 11, 2], "texture": "#texture"},
				"west": {"uv": [3, 2, 4, 3], "texture": "#texture"},
				"up": {"uv": [5, 1, 11, 2], "texture": "#texture"},
				"down": {"uv": [3, 2, 4, 3], "texture": "#texture"}
			}
		},
		{
			"name": "5",
			"from": [7, 1, 6.5],
			"to": [9, 2, 7.5],
			"faces": {
				"north": {"uv": [7, 14, 9, 15], "texture": "#texture"},
				"east": {"uv": [7, 14, 8, 15], "texture": "#texture"},
				"south": {"uv": [7, 14, 9, 15], "texture": "#texture"},
				"west": {"uv": [8, 14, 9, 15], "texture": "#texture"},
				"up": {"uv": [3, 2, 4, 3], "texture": "#texture"},
				"down": {"uv": [3, 2, 4, 3], "texture": "#texture"}
			}
		},
		{
			"name": "2",
			"from": [2, 9, 6.5],
			"to": [14, 14, 7.5],
			"faces": {
				"north": {"uv": [2, 2, 14, 7], "texture": "#texture"},
				"east": {"uv": [2, 2, 3, 7], "texture": "#texture"},
				"south": {"uv": [2, 2, 14, 7], "texture": "#texture"},
				"west": {"uv": [13, 2, 14, 7], "texture": "#texture"},
				"up": {"uv": [2, 2, 14, 3], "texture": "#texture"},
				"down": {"uv": [3, 2, 4, 3], "texture": "#texture"}
			}
		},
		{
			"from": [6.5, 10, 7],
			"to": [9.5, 11, 8],
			"faces": {
				"north": {"uv": [6, 0, 9, 1], "texture": "#texture"},
				"east": {"uv": [1, 1, 2, 2], "texture": "#texture"},
				"south": {"uv": [6, 0, 9, 1], "texture": "#texture"},
				"west": {"uv": [1, 1, 2, 2], "texture": "#texture"},
				"up": {"uv": [8, 0, 11, 1], "texture": "#texture"},
				"down": {"uv": [8, 0, 11, 1], "texture": "#texture"}
			}
		},
		{
			"from": [6.5, 5, 7],
			"to": [9.5, 6, 8],
			"faces": {
				"north": {"uv": [8, 0, 11, 1], "texture": "#texture"},
				"east": {"uv": [3, 12, 4, 13], "texture": "#texture"},
				"south": {"uv": [8, 0, 11, 1], "texture": "#texture"},
				"west": {"uv": [3, 12, 4, 13], "texture": "#texture"},
				"up": {"uv": [8, 1, 5, 0], "texture": "#texture"},
				"down": {"uv": [8, 1, 5, 0], "texture": "#texture"}
			}
		},
		{
			"from": [11.5, 10, 7],
			"to": [12, 10.5, 11],
			"faces": {
				"north": {"uv": [1.5, 5.5, 2, 6], "texture": "#texture"},
				"east": {"uv": [7, 0, 11, 0.5], "texture": "#texture"},
				"south": {"uv": [1.5, 5.5, 2, 6], "texture": "#texture"},
				"west": {"uv": [7, 0, 11, 0.5], "texture": "#texture"},
				"up": {"uv": [2.5, 7, 3, 11], "texture": "#texture"},
				"down": {"uv": [2.5, 7, 3, 11], "texture": "#texture"}
			}
		},
		{
			"from": [11.5, 5.5, 7],
			"to": [12, 6, 11],
			"faces": {
				"north": {"uv": [13, 10, 13.5, 10.5], "texture": "#texture"},
				"east": {"uv": [7, 0, 11, 0.5], "texture": "#texture"},
				"south": {"uv": [13, 10, 13.5, 10.5], "texture": "#texture"},
				"west": {"uv": [7, 0, 11, 0.5], "texture": "#texture"},
				"up": {"uv": [13, 7, 13.5, 11], "texture": "#texture"},
				"down": {"uv": [13, 7, 13.5, 11], "texture": "#texture"}
			}
		},
		{
			"from": [11.5, 6, 10.5],
			"to": [12, 10, 11],
			"faces": {
				"north": {"uv": [4, 6, 4.5, 10], "texture": "#texture"},
				"east": {"uv": [9.5, 6, 10, 10], "texture": "#texture"},
				"south": {"uv": [4, 6, 4.5, 10], "texture": "#texture"},
				"west": {"uv": [9.5, 6, 10, 10], "texture": "#texture"},
				"up": {"uv": [4, 9.5, 4.5, 10], "texture": "#texture"},
				"down": {"uv": [4, 9.5, 4.5, 10], "texture": "#texture"}
			}
		}
	],
	"overrides": [
		{"predicate": {"blocking":0}, "model": "item/wood_shield"},
		{"predicate": {"custom_model_data":625}, "model": "item/wood_shield"},
		{"predicate": {"custom_model_data":627}, "model": "item/gold_shield"},
		{"predicate": {"custom_model_data":628}, "model": "item/tin_shield"},
		{"predicate": {"custom_model_data":629}, "model": "item/copper_shield"},
		{"predicate": {"custom_model_data":630}, "model": "item/bronze_shield"},
		{"predicate": {"custom_model_data":632}, "model": "item/iron_shield"},
		{"predicate": {"custom_model_data":633}, "model": "item/prismarine_shield"},
		{"predicate": {"custom_model_data":634}, "model": "item/quartz_shield"},
		{"predicate": {"custom_model_data":635}, "model": "item/mithril_shield"},
		{"predicate": {"custom_model_data":636}, "model": "item/adamantium_shield"},
		{"predicate": {"custom_model_data":637}, "model": "item/diamond_shield"},
		{"predicate": {"custom_model_data":638}, "model": "item/onyx_shield"},
		{"predicate": {"custom_model_data":639}, "model": "item/heliocolium_shield"},

		{"predicate": {"blocking":1}, "model": "item/wood_shield_blocking"},
		{"predicate": {"custom_model_data":625, "blocking":1}, "model": "item/wood_shield"},
		{"predicate": {"custom_model_data":627, "blocking":1}, "model": "item/gold_shield"},
		{"predicate": {"custom_model_data":628, "blocking":1}, "model": "item/tin_shield"},
		{"predicate": {"custom_model_data":629, "blocking":1}, "model": "item/copper_shield"},
		{"predicate": {"custom_model_data":630, "blocking":1}, "model": "item/bronze_shield"},
		{"predicate": {"custom_model_data":632, "blocking":1}, "model": "item/iron_shield"},
		{"predicate": {"custom_model_data":633, "blocking":1}, "model": "item/prismarine_shield"},
		{"predicate": {"custom_model_data":634, "blocking":1}, "model": "item/quartz_shield"},
		{"predicate": {"custom_model_data":635, "blocking":1}, "model": "item/mithril_shield"},
		{"predicate": {"custom_model_data":636, "blocking":1}, "model": "item/adamantium_shield"},
		{"predicate": {"custom_model_data":637, "blocking":1}, "model": "item/diamond_shield"},
		{"predicate": {"custom_model_data":638, "blocking":1}, "model": "item/onyx_shield"},
		{"predicate": {"custom_model_data":639, "blocking":1}, "model": "item/heliocolium_shield"}
		],
	"display": {
		"thirdperson_righthand": {
			"rotation": [0, -90, 0],
			"translation": [2.3, -2, 5]
		},
		"thirdperson_lefthand": {
			"rotation": [0, -90, 0],
			"translation": [2.3, -2, 5]
		},
		"firstperson_righthand": {
			"rotation": [0, -75, 15],
			"translation": [4, -3, 0]
		},
		"firstperson_lefthand": {
			"rotation": [0, -75, 15],
			"translation": [4, -3, 0]
		},
		"ground": {
			"translation": [0, 2, 0],
			"scale": [0.5, 0.5, 0.5]
		},
		"gui": {
			"rotation": [0, 180, 0]
		},
		"head": {
			"translation": [0, 0, -7.56]
		},
		"fixed": {
			"translation": [0, 0, -0.38],
			"scale": [2, 2, 2]
		}
	}
}